epoch,train_loss,val_loss,best_val_loss,best_epoch,train_score_mse,train_score_nmse,train_score_cos,train_score_corr,train_target_energy,train_pred_energy,val_score_mse,val_score_nmse,val_score_cos,val_score_corr,val_target_energy,val_pred_energy
1,0.9462440954314337,0.8839791417121887,0.8839791417121887,1,79812.98715277777,0.9999126858181424,0.23925850788752237,0.020197228342294694,79819.97465277778,0.3300812456342909,66619.7109375,0.9996868968009949,0.4255467355251312,0.04393479973077774,66640.578125,0.9472927451133728
2,0.8547210150294834,0.8509616851806641,0.8509616851806641,2,78584.83298611111,0.9996360619862874,0.45668454236454437,0.04503036290407181,78613.47048611111,1.4318547831641304,70465.6640625,0.9994217157363892,0.4574835002422333,0.05578644946217537,70506.4375,2.103017568588257
3,0.8202153735690647,0.8220745325088501,0.8220745325088501,3,85407.73246527778,0.9994598905245463,0.46584196752972074,0.05286970991227362,85453.4204861111,2.4465484566158717,90344.0625,0.9994076490402222,0.45691320300102234,0.05454186350107193,90397.609375,2.9805617332458496
4,0.8023484879069858,0.7778274416923523,0.7778274416923523,4,74983.23177083333,0.9992389520009358,0.4951284057564206,0.060544018033477996,75039.57777777778,3.2643130090501575,60799.43359375,0.9990144371986389,0.5236572623252869,0.06734050810337067,60859.4140625,3.669783115386963
5,0.80246538983451,0.7679160237312317,0.7679160237312317,5,77627.51831597222,0.999104106426239,0.4956411401430766,0.0666099649336603,77696.49305555556,3.8722818162706165,69270.59375,0.9989496469497681,0.5491600036621094,0.07110398262739182,69343.4296875,4.234854698181152
6,0.7935958054330614,0.7395318150520325,0.7395318150520325,6,78992.3,0.9989713761541579,0.5073008471065097,0.07263718065288331,79073.21336805556,4.3786600430806475,42400.2109375,0.998082160949707,0.5894525647163391,0.09600970894098282,42481.68359375,4.749759197235107
7,0.7726205110549926,0.7323431372642517,0.7323431372642517,7,82656.57100694445,0.9988432115978665,0.5326896283361647,0.0792148737443818,82751.93489583333,4.851568857828776,55065.86328125,0.9983562231063843,0.6015927195549011,0.08897963166236877,55156.52734375,5.269639492034912
8,0.7625415444374084,0.7734681963920593,0.7323431372642517,7,77125.66145833333,0.9985405206680298,0.5601234952608745,0.0907085089219941,77235.56475694444,5.321527587042914,83611.8984375,0.9985005855560303,0.575129508972168,0.09462501108646393,83737.453125,5.748907089233398
9,0.7574574112892151,0.7571125030517578,0.7323431372642517,7,83067.47152777777,0.9984297023879157,0.5597441818979051,0.09731100863880582,83197.52916666666,5.881986776987712,75734.8359375,0.9984188675880432,0.5606394410133362,0.09055496752262115,75854.7734375,6.416171550750732
10,0.7503313197029962,0.8068544268608093,0.7323431372642517,7,79857.07777777778,0.9981858981980218,0.5765109697977702,0.10401522682772743,79999.88802083333,6.508148701985677,82767.6796875,0.998100221157074,0.5265435576438904,0.10891930013895035,82925.21875,6.8692827224731445
11,0.7568844278653463,0.7837490439414978,0.7323431372642517,7,75584.94270833333,0.9979380210240681,0.5781656252013312,0.11065648910072115,75740.62378472222,7.151227315266927,111196.125,0.9984408617019653,0.5255323052406311,0.09845015406608582,111369.765625,7.609813213348389
12,0.7467486725913154,0.7514268755912781,0.7323431372642517,7,76012.20538194444,0.9978092246585422,0.587521661652459,0.1122761661807696,76177.45555555556,7.867610528733995,117026.8125,0.9984954595565796,0.5293564200401306,0.09438351541757584,117203.1484375,8.17216682434082
13,0.752523644765218,0.7161449193954468,0.7161449193954468,13,88170.71371527777,0.9979150282012091,0.5777470615175035,0.11012460241715114,88351.3734375,8.480125109354654,59089.49609375,0.9972640872001648,0.6284793019294739,0.11625298857688904,59251.6015625,9.165536880493164
14,0.7493871053059896,0.736824095249176,0.7161449193954468,13,82134.66440972222,0.99769932296541,0.584276635117001,0.1144953191280365,82320.0625,8.896841579013401,84641.3359375,0.9979686141014099,0.5902565717697144,0.10118464380502701,84813.625,9.514971733093262
15,0.7365286337004767,0.7428007125854492,0.7161449193954468,13,84675.68940972222,0.9976832429567973,0.576004856162601,0.11528924587700103,84870.60677083333,9.300459183586968,82209.3046875,0.9976469278335571,0.583819568157196,0.11424026638269424,82403.203125,9.62985897064209
16,0.7097656236754524,0.6923434734344482,0.6923434734344482,16,74150.96163194445,0.9975172479947408,0.5944507744577195,0.1110678944322798,74332.55260416666,10.157891994052463,74325.4140625,0.9976776838302612,0.6035690307617188,0.10160723328590393,74498.421875,11.007471084594727
17,0.7155986560715569,0.6813055872917175,0.6813055872917175,17,83804.77760416667,0.9976064748234219,0.5815597044097053,0.10688968482944701,83999.19809027777,11.266107877095541,79419.1875,0.9975690841674805,0.5899399518966675,0.10479736328125,79612.71875,12.0891752243042
18,0.7063648091422187,0.7500943541526794,0.6813055872917175,17,81936.51788194444,0.9973456197314792,0.5927255339092679,0.11375610828399658,82151.17100694444,12.246536488003201,100340.0546875,0.9975320100784302,0.5425269603729248,0.11412941664457321,100588.3046875,13.042128562927246
19,0.7103227853775025,0.7333194613456726,0.6813055872917175,17,73717.35581597222,0.9968894905514187,0.5949437022209167,0.1217969184120496,73945.66944444444,13.3971589618259,68387.5234375,0.996110737323761,0.5894312858581543,0.14142391085624695,68654.5390625,14.420666694641113
20,0.7082132167286344,0.6975892782211304,0.6813055872917175,17,85049.61979166667,0.9970022082328797,0.5876916236347622,0.1192335734764735,85299.26840277777,14.685377502441407,47270.40625,0.9954730868339539,0.6258594989776611,0.13213542103767395,47485.3671875,16.100433349609375
21,0.7009618467754788,0.6548040509223938,0.6548040509223938,21,75619.1640625,0.99647466606564,0.5956554836697049,0.12869050635231866,75884.41041666667,15.815580537584093,83010.125,0.9970238208770752,0.6042150259017944,0.11491478234529495,83257.9140625,15.80590534210205
22,0.7039432220988804,0.7316041588783264,0.6548040509223938,21,80214.88819444444,0.9963672916094463,0.5951099541452196,0.1311289714442359,80504.65364583333,17.129361300998262,86328.7421875,0.9966322183609009,0.574042022228241,0.12631350755691528,86620.4609375,17.27387046813965
23,0.6663293507364061,0.6538125872612,0.6538125872612,23,80722.85260416666,0.996426612801022,0.6149321860737271,0.12651381774081125,81009.62326388889,18.12003928290473,80309.8515625,0.9959414005279541,0.6314696669578552,0.1424613744020462,80637.125,18.24420928955078
24,0.6814612375365363,0.6950587630271912,0.6538125872612,23,78566.4154513889,0.9960402144326104,0.6025305310885112,0.1332327319516076,78876.21649305556,19.471930313110352,63080.18359375,0.9952669739723206,0.5948795676231384,0.13778863847255707,63380.1640625,21.464536666870117
25,0.679204958015018,0.638042688369751,0.638042688369751,25,81544.75451388888,0.9959653761651781,0.6039345237943862,0.1333913935555352,81870.45052083333,20.839000744289823,83070.4296875,0.9966182708740234,0.6129364967346191,0.11237772554159164,83352.3046875,21.92667579650879
26,0.6791025029288398,0.6438924670219421,0.638042688369751,25,78148.65034722222,0.9956524398591783,0.6060438434282939,0.1353724092245102,78482.2484375,22.38956002129449,85160.3515625,0.9962275624275208,0.6236223578453064,0.12285609543323517,85482.828125,23.16464614868164
27,0.6507784048716228,0.6794943809509277,0.638042688369751,25,78160.49583333333,0.9956598427560595,0.6224932233492534,0.13283818496598138,78497.52430555556,23.71987380981445,53092.18359375,0.9937248229980469,0.6043499708175659,0.15748298168182373,53427.44921875,24.416818618774414
28,0.6654311180114746,0.6595558524131775,0.638042688369751,25,79128.21545138888,0.9953747934765286,0.6094317528936598,0.13935119774606491,79491.45711805555,24.5798706902398,75049.171875,0.9952990412712097,0.6102133989334106,0.14132611453533173,75403.640625,23.788461685180664
29,0.6790602299902174,0.665010929107666,0.638042688369751,25,94166.87118055555,0.9961558222770691,0.5891446868578593,0.12380130953258939,94522.58003472222,25.523857582939996,81076.734375,0.9961380362510681,0.5886542201042175,0.1137019619345665,81391.0625,27.812000274658203
30,0.6684559504191081,0.6259369254112244,0.6259369254112244,30,84045.2921875,0.9956586864259508,0.5912605696254306,0.12788554595576393,84405.91458333333,27.63046434190538,88453.6171875,0.996397852897644,0.595798909664154,0.11022207885980606,88773.390625,28.04386329650879
31,0.6614587624867757,0.7035834193229675,0.6259369254112244,30,82339.18229166667,0.9953198962741427,0.5974785526593526,0.13396485083633,82724.5359375,29.015897666083443,85454.28125,0.9951105117797852,0.5743069648742676,0.1381957232952118,85874.1640625,31.004901885986328
32,0.6604024608929951,0.6676198840141296,0.6259369254112244,30,84346.66979166666,0.995263930161794,0.6068563991122775,0.13479615913497078,84748.52552083334,30.31362164815267,88989.1640625,0.9952229261398315,0.599442183971405,0.13469800353050232,89416.3125,32.57069396972656
33,0.6357637286186218,0.6915032267570496,0.6259369254112244,30,80748.70138888889,0.9948709554142422,0.6192335486412048,0.14000394013192918,81163.61875,31.443000581529404,80995.0234375,0.9937248229980469,0.5626071691513062,0.1662329137325287,81506.4921875,32.91596603393555
34,0.6401642812622919,0.6793217658996582,0.6259369254112244,30,78073.9359375,0.9945480293697782,0.6184729960229661,0.14133528305424584,78496.64131944445,33.46365729437934,88789.7109375,0.994286835193634,0.5840858817100525,0.15556234121322632,89299.8984375,34.312469482421875
35,0.6331576969888475,0.7053565979003906,0.6259369254112244,30,77058.7796875,0.9942958103285895,0.6298406481742859,0.1431757609049479,77491.76111111112,34.979138437906904,62616.0625,0.9924287796020508,0.5797346830368042,0.165836900472641,63093.7578125,38.436378479003906
36,0.6409699691666497,0.6372205018997192,0.6259369254112244,30,80073.21423611112,0.9941009587711758,0.6184263639979892,0.14775940444734362,80544.68194444444,36.91185090806749,82496.7734375,0.9943738579750061,0.6126889586448669,0.1420295685529709,82963.5390625,38.10880661010742
37,0.6225602083735996,0.6883003115653992,0.6259369254112244,30,76628.23046875,0.9939721981684367,0.6306133998764886,0.1447377214829127,77091.14322916667,39.153996022542316,92266.3671875,0.9945859313011169,0.5705403685569763,0.13865695893764496,92768.625,41.44272232055664
38,0.6431781755553352,0.6698314547538757,0.6259369254112244,30,79600.20260416667,0.9936406122313606,0.6192441966798571,0.1514203449090322,80100.58315972223,40.3145270453559,60741.33984375,0.9908977746963501,0.6002627015113831,0.1840440183877945,61299.30078125,43.59627914428711
39,0.6567304756906297,0.6652646064758301,0.6259369254112244,30,83637.08472222222,0.9937068568335639,0.6066915856467353,0.15156152645746868,84165.57552083333,42.20627551608615,83630.015625,0.9936140179634094,0.5754384398460388,0.1499292403459549,84167.5078125,44.94118118286133
40,0.6274246176083883,0.6201013922691345,0.6201013922691345,40,82354.79704861112,0.9935106012556288,0.6202625062730577,0.1520536955859926,82884.81302083333,43.37699796888563,51973.125,0.9905343055725098,0.6456009149551392,0.1764216274023056,52469.7890625,44.9114875793457
41,0.6294963306850857,0.6283964514732361,0.6201013922691345,40,85530.85850694444,0.993673547108968,0.6170189446873136,0.1456875337494744,86056.40086805556,45.812084367540145,96962.4921875,0.9949508309364319,0.616650402545929,0.12887698411941528,97454.5546875,44.48200607299805
42,0.6302789502673679,0.6547190546989441,0.6201013922691345,40,79069.13680555555,0.9930540521939596,0.6234290122985839,0.15444593429565429,79619.88993055555,47.24844368828668,84193.5546875,0.9930737018585205,0.5970744490623474,0.15618927776813507,84780.7734375,49.00864791870117
43,0.6150649627049763,0.6364273428916931,0.6201013922691345,40,78047.26675347223,0.9930144455697801,0.6347480760680304,0.15014054907692803,78582.78463541667,49.182110680474175,75111.5546875,0.9926802515983582,0.6169895529747009,0.15567216277122498,75665.40625,49.90706253051758
44,0.6339332275920444,0.6246041655540466,0.6201013922691345,40,80622.62352430556,0.9924038317468431,0.6165772967868381,0.1640615469879574,81238.04991319444,50.933651479085285,66413.140625,0.9918714761734009,0.6328776478767395,0.15802101790905,66957.40625,53.41095733642578
45,0.6032361030578614,0.6261770129203796,0.6201013922691345,40,77968.51944444445,0.9929277976353963,0.6334463675816854,0.14889856576919555,78515.47378472223,52.1511110941569,60984.0390625,0.9909313321113586,0.6252192258834839,0.16349047422409058,61542.14453125,57.69429397583008
46,0.6273763365215725,0.6321538090705872,0.6201013922691345,40,84935.4935763889,0.993049062622918,0.6207507411638896,0.14902595314714645,85525.27760416667,55.15850516425239,97319.609375,0.9940800666809082,0.583540141582489,0.13466525077819824,97899.1640625,57.0960693359375
47,0.6135843356450399,0.6157575845718384,0.6157575845718384,47,77698.31232638888,0.9923832946353488,0.6351047727796767,0.15362949834929573,78286.41944444444,57.089440155029294,69615.2734375,0.9916431903839111,0.6380413770675659,0.16230173408985138,70201.9375,55.8333854675293
48,0.6194492763943142,0.6142845153808594,0.6142845153808594,48,85479.1390625,0.9924145844247606,0.623136407799191,0.15783666604095034,86127.15173611112,58.5290885925293,99248.328125,0.993752121925354,0.6142110228538513,0.13838264346122742,99872.3203125,61.63935470581055
49,0.616309400399526,0.6144262552261353,0.6142845153808594,48,83573.19322916666,0.9921356134944492,0.622519854704539,0.16008531517452665,84232.01197916667,60.435840691460506,94108.3671875,0.993218719959259,0.6051999926567078,0.14712713658809662,94750.8984375,60.31740188598633
50,0.6057578113343981,0.6412925124168396,0.6142845153808594,48,79207.29756944445,0.9919223719173007,0.6284292141596476,0.15776020222240025,79848.61267361112,62.70814208984375,91273.984375,0.9931491613388062,0.5743240714073181,0.14098745584487915,91903.6015625,66.3092269897461
51,0.6231235133277045,0.5810247659683228,0.5810247659683228,51,83383.70416666666,0.9917635705735949,0.6132785280545553,0.15989196168051825,84055.8375,64.92534993489583,67806.7890625,0.9907994866371155,0.6317319273948669,0.16503295302391052,68436.4375,64.6552963256836
52,0.6169500761561924,0.58597731590271,0.5810247659683228,51,78130.75190972222,0.9911665545569526,0.6227212521764968,0.1650887237654792,78824.35190972222,67.62196714613172,84817.828125,0.9927554130554199,0.6188430786132812,0.1453416794538498,85436.78125,64.83375549316406
53,0.6012137134869894,0.6158517003059387,0.5810247659683228,51,77750.63472222222,0.9913303626908196,0.6332377566231622,0.16073428988456726,78426.12934027778,68.73628963894315,88823.890625,0.9916823506355286,0.5958633422851562,0.1628434658050537,89568.890625,70.0177230834961
54,0.6138607806629605,0.6718844175338745,0.5810247659683228,51,78775.48125,0.9908592171139188,0.6258907092942132,0.16516409251425002,79494.30746527777,73.05834113226996,95967.0390625,0.9918376207351685,0.5624241828918457,0.15968601405620575,96756.8046875,76.0304946899414
55,0.5924774408340454,0.6090473532676697,0.5810247659683228,51,75453.95885416666,0.990832343366411,0.6418083230654399,0.16184168888462913,76144.09131944444,73.81082814534506,69022.3203125,0.9902889728546143,0.616683304309845,0.1625068038702011,69699.171875,77.37393951416016
56,0.6032695677545336,0.6046259999275208,0.5810247659683228,51,85625.65399305556,0.9912420630455017,0.6305846783849928,0.16107217537032234,86375.34184027778,76.76427663167318,95539.3046875,0.9930766820907593,0.6294451951980591,0.13524867594242096,96205.3671875,78.95938873291016
57,0.5919163915846083,0.6358976364135742,0.5810247659683228,51,75138.34913194444,0.9895780086517334,0.642251522011227,0.17614620162381067,75907.64809027778,77.64383307562935,79971.703125,0.9903066754341125,0.5974273085594177,0.16887275874614716,80754.484375,81.25222778320312
58,0.6112111250559489,0.6230164766311646,0.5810247659683228,51,84472.02777777778,0.9904243561956617,0.6242196599642436,0.16775951617293888,85270.52378472222,82.18411492241754,88837.0859375,0.9911394119262695,0.592470109462738,0.16095824539661407,89631.2734375,82.92616271972656
59,0.5927825808525086,0.5845796465873718,0.5810247659683228,51,82750.69479166667,0.9902646832995945,0.6318795945909288,0.1691328290436003,83543.53107638888,81.72131669786242,73521.1015625,0.9903207421302795,0.6345529556274414,0.16006629168987274,74239.6875,85.17843627929688
60,0.5874634146690368,0.6505877375602722,0.5810247659683228,51,88460.45607638889,0.9906725075509814,0.6346691952811347,0.16563194162315792,89273.81510416667,83.98450334337022,83072.828125,0.98919278383255,0.5984529256820679,0.18129605054855347,83980.421875,90.33454895019531
61,0.5917635533544753,0.574185311794281,0.574185311794281,61,81241.07309027777,0.9896209279696146,0.6357899970478482,0.17508229480849372,82088.8296875,87.34034135606554,69944.2890625,0.9883781671524048,0.6444328427314758,0.1838560849428177,70766.7265625,86.91059112548828
62,0.5911298765076531,0.586837112903595,0.574185311794281,61,82934.58767361111,0.989653566148546,0.636616951889462,0.17287261486053468,83790.42517361112,90.6045666164822,74455.8515625,0.9901148080825806,0.6261023879051208,0.15852674841880798,75199.2109375,92.63826751708984
63,0.586571623219384,0.615041196346283,0.574185311794281,61,74924.28420138889,0.9890473577711317,0.6426977634429931,0.1738098657793469,75746.70972222222,91.89994167751736,61179.11328125,0.9865018725395203,0.6087791323661804,0.19599805772304535,62016.21484375,90.29095458984375
64,0.5871744049919976,0.5882355570793152,0.574185311794281,61,77358.14913194445,0.9893337170283,0.6388307518429226,0.16776321166091496,78163.62986111111,94.56729498969185,81856.5,0.991168200969696,0.6082288026809692,0.14573253691196442,82585.8828125,97.7371597290039
65,0.598358690738678,0.6329542994499207,0.574185311794281,61,80673.26857638889,0.989358761575487,0.6303849114312066,0.16982527905040318,81537.76180555555,99.2524900648329,65645.9765625,0.9854836463928223,0.6221008896827698,0.2025928646326065,66612.953125,105.3385238647461
66,0.5887830389870538,0.6255725026130676,0.574185311794281,61,82348.46597222223,0.9892238974571228,0.6369544360372755,0.17290700674057008,83241.77135416666,99.35170474582249,85321.3828125,0.9896349906921387,0.5904892683029175,0.1665109395980835,86215.0,104.5811767578125
67,0.5858889910909865,0.5798042416572571,0.574185311794281,61,82750.55711805556,0.9894297467337714,0.6314365175035265,0.1679543329609765,83629.4595486111,102.7564675225152,59598.15234375,0.9881700277328491,0.6298674941062927,0.16226902604103088,60311.63671875,105.8475570678711
68,0.5975090357992384,0.5819762349128723,0.574185311794281,61,82948.07534722223,0.9887219508488972,0.6293677965799968,0.17559760643376243,83890.45746527778,106.97743462456597,61412.73046875,0.9864640831947327,0.6395358443260193,0.18251053988933563,62255.4140625,109.43672180175781
69,0.5858488943841722,0.5622868537902832,0.5622868537902832,69,76980.63107638889,0.9877730462286207,0.6374745262993706,0.18145246737533147,77920.82864583333,108.2538060506185,48459.5390625,0.983991265296936,0.6627916693687439,0.19475308060646057,49247.9375,107.67591857910156
70,0.5778071681658427,0.5864128470420837,0.5622868537902832,69,78302.22430555556,0.9878071798218622,0.6387074497010973,0.17965945502122244,79238.50295138889,109.78850114610461,81154.765625,0.9879449009895325,0.6372715830802917,0.1803147792816162,82145.03125,114.26720428466797
71,0.5585183103879293,0.607578694820404,0.5622868537902832,69,74270.48810763888,0.9875604258643256,0.655246028635237,0.17915144330925412,75191.35972222222,111.98446841769749,92701.21875,0.9888019561767578,0.6005951762199402,0.17637787759304047,93751.046875,116.81993865966797
72,0.5753001570701599,0.5489246249198914,0.5489246249198914,72,75557.9875,0.9873705002996657,0.6420693861113654,0.18119253118832906,76513.41397569445,115.0989503648546,79929.8515625,0.9892895817756653,0.6469000577926636,0.16035743057727814,80795.203125,116.1385726928711
73,0.5875743746757507,0.5680816769599915,0.5489246249198914,72,75480.03385416667,0.987002228366004,0.6376294599639045,0.182456307609876,76461.61736111112,120.6977540757921,49469.30859375,0.9832984805107117,0.6474043726921082,0.19492997229099274,50309.5546875,121.25749969482422
74,0.5703152272436354,0.5840814709663391,0.5489246249198914,72,80857.18020833333,0.9879987239837646,0.6397715912924873,0.17532800866497888,81825.0220486111,118.82577158610026,94032.7734375,0.9895152449607849,0.6139591932296753,0.16180185973644257,95029.1328125,127.3960952758789
75,0.5654767764939203,0.5926132202148438,0.5489246249198914,72,78314.72100694444,0.9869720816612244,0.6462163699997796,0.18422506517834134,79331.5578125,122.26297675238715,81790.9296875,0.9862874150276184,0.6136964559555054,0.19669216871261597,82928.0859375,124.38567352294922
76,0.5645665831036037,0.5482637286186218,0.5482637286186218,76,75885.3359375,0.9865303383933173,0.6520272281434801,0.1855589313639535,76899.51215277778,124.47693176269532,39029.578125,0.9796245694160461,0.6608072519302368,0.21172991394996643,39841.36328125,122.91535949707031
77,0.5759167591730754,0.6017434000968933,0.5482637286186218,76,74848.82760416667,0.9864020042949253,0.643161231941647,0.1836692429251141,75872.26944444445,131.29472910563152,83139.5234375,0.9868922233581543,0.6203985810279846,0.18140307068824768,84243.7734375,139.8422393798828
78,0.5703296489185757,0.5972805619239807,0.5482637286186218,76,73095.39461805555,0.9857455783420139,0.6433100461959839,0.18844565484258863,74135.95399305556,132.313432820638,122777.7890625,0.9908818006515503,0.6027186512947083,0.1565808802843094,123907.6015625,131.1790313720703
79,0.5681054949760437,0.6260148882865906,0.5482637286186218,76,82514.85555555555,0.9872835344738431,0.6433313700887892,0.1783755405081643,83568.7640625,133.7215064154731,89470.1875,0.9877108931541443,0.591050922870636,0.17145606875419617,90583.375,150.42649841308594
80,0.576627340581682,0.537285327911377,0.537285327911377,80,88440.12256944444,0.9873244471020168,0.6354462107022604,0.1807195954852634,89560.06805555556,136.59542270236545,55686.98046875,0.9825219511985779,0.6693499684333801,0.2093946486711502,56677.59375,125.43468475341797
81,0.5640101472536723,0.5824443697929382,0.537285327911377,80,74116.29253472222,0.9853918446434868,0.6475334485371907,0.18747747275564405,75180.6171875,141.18067762586804,67299.7109375,0.9844892024993896,0.6340028643608093,0.19045594334602356,68360.03125,147.153564453125
82,0.5729669663641188,0.6191883087158203,0.537285327911377,80,78179.21857638888,0.9855671697192722,0.6392839034398397,0.19042882488833535,79309.47378472223,142.40212673611111,95424.140625,0.9879544377326965,0.5987381935119629,0.17038798332214355,96587.59375,155.75950622558594
83,0.570004219479031,0.6104012727737427,0.537285327911377,80,78428.87690972222,0.9857062564955817,0.6387481941117181,0.18618714412053425,79546.728125,147.02432996961807,86687.6328125,0.987610936164856,0.6020824313163757,0.16734164953231812,87775.0859375,158.40353393554688
84,0.5720167292488946,0.5738244652748108,0.537285327911377,80,77517.46579861111,0.9856821166144477,0.6399211022588942,0.184945876399676,78637.63732638888,151.03851487901477,67257.515625,0.9832057952880859,0.6410936713218689,0.20285704731941223,68406.34375,150.10296630859375
85,0.5651205155584548,0.5180360674858093,0.5180360674858093,85,76374.86388888888,0.9856449882189433,0.646124557654063,0.18317084974712797,77480.14826388888,153.2518513997396,63463.0625,0.9845675826072693,0.6726101040840149,0.18644240498542786,64457.80078125,145.30859375
86,0.5714170707596673,0.6128671765327454,0.5180360674858093,85,81185.01232638888,0.9852854238616096,0.6416137099266053,0.19017750653955673,82395.29010416666,157.50142449273002,77717.9921875,0.9830721616744995,0.6080375909805298,0.2111276537179947,79056.2421875,159.4725799560547
87,0.567493654621972,0.5549875497817993,0.5180360674858093,85,77478.73888888888,0.984466490480635,0.6448028365770976,0.19344688289695317,78674.37621527778,158.78915235731336,87806.453125,0.9884452819824219,0.6346149444580078,0.16185592114925385,88832.890625,148.5674591064453
88,0.554882460170322,0.5418115854263306,0.5180360674858093,85,69060.2982638889,0.9840327699979147,0.6537218398518032,0.19059218598736657,70169.56579861112,159.33326822916666,78554.5234375,0.9872087836265564,0.6528705358505249,0.16740231215953827,79572.3515625,154.39129638671875
89,0.5720827301343282,0.5407578349113464,0.5180360674858093,85,83763.13871527778,0.9860940761036343,0.6373432371351454,0.1787847210963567,84935.52934027778,165.66675821940103,56996.5625,0.9835898876190186,0.6501174569129944,0.18241240084171295,57947.48828125,160.35716247558594
90,0.5526389082272848,0.591960608959198,0.5180360674858093,85,71685.32413194445,0.984304678440094,0.6533029278119405,0.18836837543381585,72821.009375,164.6158403184679,75515.125,0.9843407869338989,0.6235109567642212,0.18842200934886932,76716.4453125,174.0575714111328
91,0.5572071512540181,0.5398001074790955,0.5180360674858093,85,80075.17638888888,0.9844897733794318,0.6450099031130473,0.19162443346447414,81313.70364583333,168.40212368435328,71466.5234375,0.9862634539604187,0.6530346870422363,0.1655513346195221,72461.8984375,172.06944274902344
92,0.5470539953973558,0.5534381866455078,0.5180360674858093,85,85910.02795138888,0.9861254360940721,0.6542390200826856,0.17654493086867862,87097.52118055556,172.93006693522136,86478.3125,0.9878619313240051,0.6491175293922424,0.15577587485313416,87540.890625,183.22361755371094
93,0.5450042618645562,0.5157807469367981,0.5157807469367981,93,77648.24392361111,0.9851598037613762,0.654355878300137,0.18031810853216385,78810.56267361112,175.655812242296,57846.98828125,0.9821314215660095,0.6825971007347107,0.19563882052898407,58899.4375,164.80722045898438
94,0.5550340082910326,0.5719674229621887,0.5157807469367981,93,83489.82005208333,0.9845702197816637,0.6479065934816997,0.18905961248609754,84766.62239583333,177.43740641276042,73570.3984375,0.9836908578872681,0.6207807660102844,0.18806660175323486,74790.1640625,188.9602508544922
95,0.5421196553442214,0.6162764430046082,0.5157807469367981,93,82695.39444444445,0.984794635242886,0.6560593406359355,0.1864338282081816,83950.37204861111,179.0810774061415,114874.6796875,0.9881188273429871,0.5845102667808533,0.16418105363845825,116255.9375,200.77513122558594
96,0.5553187780910068,0.5223331451416016,0.5157807469367981,93,80307.87430555555,0.9836557110150655,0.6518045862515768,0.19194798668225607,81608.8607638889,188.0229014078776,65558.203125,0.9851671457290649,0.6660497784614563,0.1662255972623825,66545.2578125,187.88572692871094
97,0.5606109056207869,0.5884891152381897,0.5157807469367981,93,86304.64618055556,0.9850527021620009,0.6428600311279297,0.18227147923575507,87601.92378472222,192.33123508029513,93113.7421875,0.9866377115249634,0.6108126044273376,0.1721588522195816,94374.8046875,188.1312255859375
98,0.5578146722581652,0.5725765824317932,0.5157807469367981,93,75064.51145833333,0.9824390570322673,0.6474731802940369,0.1991832160287433,76397.17447916667,193.36041768391928,71518.703125,0.9835140109062195,0.6224623322486877,0.187151238322258,72717.5234375,189.52603149414062
99,0.5536820226245456,0.5837136507034302,0.5157807469367981,93,77566.91163194444,0.9829584068722195,0.652639635403951,0.19539679653114742,78886.59583333334,193.74653964572482,66573.4296875,0.9795179963111877,0.6225431561470032,0.21702295541763306,67965.5,197.81890869140625
100,0.5693258086840312,0.5124898552894592,0.5124898552894592,100,83403.53125,0.9834648079342312,0.6385483755005731,0.19383724729220073,84796.14861111112,201.04043748643664,74985.0234375,0.9836134910583496,0.6701211333274841,0.19056442379951477,76234.234375,186.5030517578125
101,0.5432827631632487,0.5368754863739014,0.5124898552894592,100,77818.61649305555,0.9830963903003269,0.6526895655526055,0.19402010606394873,79144.08333333333,196.08414950900607,91808.578125,0.9854760766029358,0.6508024334907532,0.18078313767910004,93161.6484375,197.9049072265625
102,0.5470515370368958,0.537543773651123,0.5124898552894592,100,86168.25,0.9843828519185384,0.6491025778982374,0.18620996574560802,87530.03645833333,203.5822808159722,59433.2265625,0.9788953065872192,0.6652990579605103,0.20940525829792023,60714.58984375,209.4363250732422
103,0.5653355982568529,0.5626789331436157,0.5124898552894592,100,89332.61145833334,0.9836979124281141,0.6380223737822639,0.1927195641729567,90798.49322916666,210.2539255777995,100374.9375,0.986223042011261,0.6364844441413879,0.17139871418476105,101777.1171875,221.0133819580078
104,0.5511763387256199,0.5436792373657227,0.5124898552894592,100,81705.58524305555,0.9830044044388665,0.6456996732287936,0.19415377974510192,83104.8875,208.35185885959203,89057.3359375,0.9864570498466492,0.6353421211242676,0.16529567539691925,90279.9921875,208.0552215576172
105,0.5468404849370321,0.5806798338890076,0.5124898552894592,100,78632.06631944445,0.982334143585629,0.6536343071195815,0.19591420888900757,80032.84930555556,214.16573350694443,61715.9375,0.97701096534729,0.6270497441291809,0.22361783683300018,63168.11328125,222.991943359375
106,0.5361417757140265,0.5410117506980896,0.5124898552894592,100,72588.23524305556,0.9817332638634576,0.6577692204051547,0.1957988073428472,73930.43506944444,215.4960208468967,60930.88671875,0.9804093837738037,0.6567010283470154,0.1938754767179489,62148.4140625,222.24888610839844
107,0.5490713424152798,0.5115610957145691,0.5115610957145691,107,84344.4310763889,0.9824537608358596,0.6480656398667229,0.19916170669926536,85840.63767361111,217.44506089952256,84546.4296875,0.985101580619812,0.6692426800727844,0.17626416683197021,85825.0859375,207.681396484375
108,0.5446569012271033,0.5656867027282715,0.5115610957145691,107,80984.6125,0.9829094423188104,0.6512078616354201,0.18804440663920508,82375.83802083334,227.692431640625,94025.4921875,0.9837620854377747,0.6333383917808533,0.19432403147220612,95577.46875,217.10459899902344
109,0.5471709224912855,0.5869209170341492,0.5115610957145691,107,68542.65772569444,0.9792829672495524,0.6567994051509434,0.20953360862202114,69969.23498263888,224.98528137207032,80471.5859375,0.9838541746139526,0.6144054532051086,0.1743118017911911,81792.1875,248.14501953125
110,0.5211376547813416,0.5746489763259888,0.5115610957145691,107,75893.96059027778,0.982313867410024,0.6676949991120232,0.18901835514439477,77234.71302083334,225.9251932779948,73776.2734375,0.9823836088180542,0.6313194632530212,0.18416650593280792,75099.25,240.32681274414062
111,0.5562555670738221,0.5413856506347656,0.5115610957145691,107,83844.99809027778,0.9821720268991259,0.6433821082115173,0.1949308411942588,85342.46701388889,234.89503580729166,66599.625,0.9794721007347107,0.652006208896637,0.20389223098754883,67995.4296875,236.7549591064453
112,0.5407814039124383,0.5606412887573242,0.5115610957145691,107,78708.89427083333,0.98137499888738,0.6554390139049954,0.19706132875548468,80157.97100694444,233.7467305501302,79704.4296875,0.9840261936187744,0.6344913840293884,0.17222905158996582,80998.28125,247.7903289794922
113,0.5388482954767015,0.5479861497879028,0.5115610957145691,107,75219.18637152777,0.9798954288164775,0.6573836406071981,0.20386438071727753,76700.39088541667,240.1764383951823,61764.1875,0.9774771928787231,0.6593324542045593,0.2162027209997177,63187.34375,232.62576293945312
114,0.5458443681399028,0.565506100654602,0.5115610957145691,107,84967.44652777778,0.9824667149119907,0.6446874803966947,0.19148795737160576,86463.26892361112,240.96337890625,74522.0546875,0.9793732166290283,0.6287022233009338,0.20900027453899384,76091.578125,249.4419403076172
115,0.5533333871099684,0.5958097577095032,0.5115610957145691,107,78943.85225694445,0.980306006802453,0.6475670350922479,0.20208154949876997,80499.30954861111,253.08397386338976,89695.03125,0.9825099110603333,0.6016237139701843,0.18668892979621887,91291.734375,276.9520568847656
116,0.5420244879192776,0.5976118445396423,0.5115610957145691,107,78862.46649305556,0.9807305256525676,0.6500076863500807,0.19772339463233948,80372.121875,252.06003146701389,58112.05078125,0.9764288663864136,0.6186861395835876,0.20662729442119598,59514.8828125,279.59869384765625
117,0.5487320873472425,0.5477334260940552,0.5115610957145691,107,84251.825,0.9817595720291138,0.6456514808866712,0.1932228210899565,85796.23385416667,256.56650695800784,79084.1640625,0.9778722524642944,0.6426956653594971,0.22936545312404633,80873.71875,243.60183715820312
118,0.5353274120224847,0.5481927990913391,0.5115610957145691,107,78841.57578125,0.9800503134727478,0.6559444122844272,0.20396133992407056,80416.58324652778,253.4887705485026,87043.078125,0.9839497804641724,0.624966025352478,0.177535742521286,88462.9296875,251.696044921875
119,0.5315559069315593,0.5320916175842285,0.5115610957145691,107,80898.8046875,0.9814190957281325,0.6582023660341899,0.19281780752870772,82421.77135416666,261.3358201768663,94216.46875,0.9845669865608215,0.6473397612571716,0.17608636617660522,95693.3046875,252.55654907226562
120,0.5380353305074904,0.5510695576667786,0.5115610957145691,107,77547.07569444444,0.9803788503011067,0.6557089593675401,0.1992868615521325,79089.425,260.5457038031684,53921.58984375,0.9735649228096008,0.6498934030532837,0.22495773434638977,55385.71484375,267.9864196777344
121,0.5519003589948018,0.57722008228302,0.5115610957145691,107,85824.28046875,0.9809697084956699,0.6422151592042711,0.1970542268620597,87459.80086805555,271.75735337999134,63733.875,0.976130485534668,0.6352052092552185,0.2137233316898346,65292.37109375,285.41033935546875
122,0.5317553030120001,0.5367228388786316,0.5115610957145691,107,82359.01935763888,0.9814986864725749,0.6505887428919475,0.19019414252705044,83886.82378472222,269.7726745605469,57636.21484375,0.9748350381851196,0.6509751677513123,0.21964025497436523,59124.0703125,272.4711608886719
123,0.5135121650165981,0.582179069519043,0.5115610957145691,107,69180.17065972222,0.9788360370530023,0.6737201664182875,0.20277064773771497,70671.1828125,266.798583984375,84419.1171875,0.982603907585144,0.6149877905845642,0.1766166239976883,85913.6796875,302.3222351074219
124,0.5334708227051629,0.5660680532455444,0.5115610957145691,107,78908.36380208333,0.9800235576099819,0.6563779168658787,0.19781851834721034,80488.82361111112,277.5570922851563,91405.9609375,0.9838703870773315,0.6295494437217712,0.17143301665782928,92904.4765625,295.6846618652344
125,0.5348594374126858,0.6128553748130798,0.5115610957145691,107,78636.80954861111,0.979561796453264,0.6553305864334107,0.20178039968013764,80267.00416666667,281.3761244032118,76640.2265625,0.9749652147293091,0.5938138365745544,0.23313628137111664,78608.1640625,302.39422607421875
126,0.543537966410319,0.6028702855110168,0.5115610957145691,107,79699.12517361112,0.9793175604608324,0.6501186940405104,0.20264591111077201,81368.19635416666,288.66978217230906,96069.75,0.9810670018196106,0.6028781533241272,0.1946101039648056,97923.7421875,320.2729797363281
127,0.5474559214380053,0.5409413576126099,0.5115610957145691,107,79725.39166666666,0.9783846232626173,0.6488863044314914,0.20636729035112594,81436.63315972222,297.5169962565104,67098.734375,0.9761884808540344,0.6611752510070801,0.21597114205360413,68735.4296875,289.8009033203125
128,0.5383954803148906,0.5830642580986023,0.5115610957145691,107,81526.2359375,0.9795683768060472,0.6522561510403951,0.19971653388606178,83203.82829861112,297.12110527886284,93500.65625,0.982986330986023,0.6117180585861206,0.17532439529895782,95118.9765625,322.9465026855469
129,0.5118231773376465,0.5590116381645203,0.5115610957145691,107,74031.64340277777,0.9787597603268093,0.669537157482571,0.2023895459042655,75603.93246527777,283.3723056369358,92163.0390625,0.9824747443199158,0.6292118430137634,0.18036764860153198,93807.03125,314.94732666015625
130,0.534029303656684,0.49313050508499146,0.49313050508499146,130,79799.70850694444,0.9794262554910448,0.6552954183684455,0.1992926557858785,81453.71440972222,298.32574530707467,75301.1953125,0.9831982254981995,0.6661266684532166,0.17005202174186707,76588.0078125,276.2610778808594
131,0.5342083122995165,0.5859974026679993,0.49313050508499146,130,78362.20434027778,0.9791824711693657,0.6526602466901144,0.20028748644722832,80027.65260416667,301.9834418402778,92422.7109375,0.9812494516372681,0.6045135855674744,0.18757906556129456,94188.8046875,333.7958984375
132,0.534438505437639,0.5159339904785156,0.49313050508499146,130,86201.72777777778,0.9801501764191521,0.6517572336726718,0.19612938629256355,87920.23385416667,307.83876342773436,80681.1484375,0.9797120690345764,0.6537727117538452,0.20090723037719727,82351.8984375,289.74853515625
133,0.5384010526869032,0.5553394556045532,0.49313050508499146,130,80999.04496527778,0.978457346227434,0.6510214871830411,0.20358991589811112,82739.17482638889,314.7566087510851,77800.6484375,0.9800845384597778,0.6354894042015076,0.18914355337619781,79381.5703125,317.8669128417969
134,0.5296020216412014,0.5161195993423462,0.49313050508499146,130,73007.34887152778,0.9769497805171543,0.6590671949916416,0.20967427922619714,74713.47447916666,312.69352552625867,48808.9296875,0.9702045321464539,0.6712609529495239,0.22625373303890228,50307.875,323.2930603027344
135,0.5501430829366049,0.5699552893638611,0.49313050508499146,130,81155.58107638889,0.9779423011673821,0.6406573520766364,0.20679072539011636,82977.17638888888,327.24782104492186,82912.8125,0.9763703346252441,0.6278319358825684,0.2199053019285202,84919.4296875,334.70465087890625
136,0.5247518963283963,0.5080254673957825,0.49313050508499146,130,70423.15190972222,0.9772958556811014,0.661217212677002,0.2012801402144962,72036.13038194444,326.08138088650173,73119.4140625,0.9796092510223389,0.6620252728462219,0.19137515127658844,74641.40625,306.77325439453125
137,0.5288897885216607,0.6048617362976074,0.49313050508499146,130,73996.93802083333,0.9765779614448548,0.6580653429031372,0.2100261453125212,75749.36961805556,327.61239081488714,93700.171875,0.9775391817092896,0.5974498987197876,0.21613885462284088,95853.109375,351.3621826171875
138,0.5213690280914307,0.521191418170929,0.49313050508499146,130,74423.67916666667,0.9770488037003411,0.6637391222847833,0.20841116143597496,76163.49565972222,323.7006598578559,87901.6875,0.9800706505775452,0.6625503897666931,0.1963617354631424,89689.1328125,322.4913635253906
139,0.5368081238534715,0.5231930017471313,0.49313050508499146,130,75919.55190972223,0.9767307162284851,0.6508509304788378,0.2094187981552548,77702.54774305556,332.7054897732205,60191.08984375,0.9763777256011963,0.6567310690879822,0.19552011787891388,61647.33984375,345.2708435058594
140,0.5321242954995897,0.5549774169921875,0.49313050508499146,130,72260.5532986111,0.9760401646296183,0.6580355577998691,0.21091487937503392,74023.57065972222,337.0623352050781,73399.765625,0.978687584400177,0.6341812014579773,0.19368496537208557,74998.15625,331.4709167480469
141,0.5186148617002699,0.5215734839439392,0.49313050508499146,130,80102.8234375,0.978073779741923,0.6613000154495239,0.2045811033911175,81895.06649305555,328.88133816189236,77762.984375,0.9786081910133362,0.6503679156303406,0.1995837390422821,79462.8359375,324.827880859375
142,0.5211319128672282,0.536659836769104,0.49313050508499146,130,81745.30138888888,0.977546050813463,0.6609588040245904,0.2046147694190343,83566.05260416666,343.3337103949653,87147.9375,0.977480947971344,0.6419718861579895,0.21550068259239197,89155.640625,330.6382141113281
143,0.5173590117030673,0.5378524661064148,0.49313050508499146,130,81195.71822916667,0.9780677729182773,0.6615037732654148,0.2034660796324412,82996.14079861112,334.8306599934896,71411.6171875,0.9760855436325073,0.6433648467063904,0.2071077972650528,73161.2265625,353.4001159667969
144,0.5279855555958218,0.512540340423584,0.49313050508499146,130,74396.85399305556,0.9749941309293111,0.6601611561245389,0.21662053763866423,76279.49791666666,353.83353814019097,69453.0234375,0.9775899648666382,0.66241455078125,0.199082612991333,71045.1484375,327.9651794433594
145,0.5440335366461012,0.49831825494766235,0.49313050508499146,130,85753.87083333333,0.9764204581578573,0.6450606862703959,0.2145473344458474,87787.22118055556,360.2887912326389,70404.5546875,0.9776181578636169,0.6726986765861511,0.19870251417160034,72016.4140625,332.8485107421875
146,0.5261648774147034,0.5614890456199646,0.49313050508499146,130,77094.72717013888,0.9742548611429003,0.6591416637102763,0.22114519013298883,79044.48359375,355.33003675672745,96908.3046875,0.9799824953079224,0.6122357249259949,0.19481909275054932,98887.7890625,367.8774108886719
147,0.5167626274956597,0.4899725615978241,0.4899725615978241,147,78740.90815972222,0.9765160414907668,0.6663338687684801,0.20938058859772152,80625.27673611112,357.83573540581597,80521.2734375,0.982518196105957,0.66878741979599,0.16878274083137512,81953.9765625,335.8659973144531
148,0.537398197915819,0.539641797542572,0.4899725615978241,147,81666.80121527778,0.9759398804770576,0.6508730292320252,0.21284462643994226,83655.71649305556,372.05546400282117,78859.328125,0.9770199060440063,0.6476907134056091,0.20127953588962555,80714.1484375,384.41461181640625
149,0.534250302447213,0.5113159418106079,0.4899725615978241,147,83415.93680555555,0.9756501184569465,0.6535037067201402,0.21507906284597184,85449.00199652778,372.86468709309895,67207.0234375,0.9738592505455017,0.6680812239646912,0.2169320434331894,69011.0234375,362.0409851074219
150,0.5124279525544908,0.5174002051353455,0.4899725615978241,147,75877.3217013889,0.9764547083112929,0.6695242245992025,0.20525207784440783,77689.51510416667,365.1834845648872,81054.671875,0.9761841893196106,0.6598052382469177,0.21147193014621735,83032.1484375,373.01043701171875
151,0.5412057174576653,0.5172412395477295,0.4899725615978241,147,81540.2203125,0.9752644273969863,0.648838550514645,0.21432151430182986,83576.78229166666,388.0925557454427,84887.375,0.9805698990821838,0.6478947997093201,0.18424274027347565,86569.4296875,353.4886169433594
152,0.5187916358311971,0.5373345017433167,0.4899725615978241,147,82808.20052083333,0.9773134748140971,0.6580572366714478,0.20321056014961666,84721.53125,377.03687744140626,71942.9921875,0.9749930500984192,0.6421100497245789,0.20648956298828125,73788.2109375,402.5860290527344
153,0.5218502587742275,0.541904866695404,0.4899725615978241,147,74164.55572916666,0.9745940075980293,0.6611061533292134,0.2123262451754676,76074.86163194444,389.92139214409724,83984.0546875,0.9783669114112854,0.6356617212295532,0.19065792858600616,85841.0625,414.1820373535156
154,0.5263556626107958,0.5286933183670044,0.4899725615978241,147,83053.86388888888,0.9763819601800706,0.657572333017985,0.2070409374104606,85041.98489583333,393.5680847167969,69894.3671875,0.9755663275718689,0.6505379676818848,0.20248830318450928,71644.9140625,391.2914733886719
155,0.5302936832110087,0.5044530034065247,0.4899725615978241,147,79501.51493055555,0.9746409561898973,0.6507145126660665,0.21637099782625835,81522.81302083333,388.09849446614584,67328.1875,0.9753389358520508,0.6586281657218933,0.2043967843055725,69030.5546875,374.4899597167969
156,0.5346332086457146,0.5264108777046204,0.4899725615978241,147,89126.27569444444,0.977036201953888,0.6456572744581435,0.20600435667567782,91200.32708333334,398.61992119683157,66412.7109375,0.9741693735122681,0.6481199860572815,0.20791064202785492,68173.6796875,394.8396301269531
157,0.5284298459688822,0.58680659532547,0.4899725615978241,147,84206.55399305555,0.9763676484425863,0.6546966685189142,0.205407628748152,86241.3060763889,413.03858439127606,108399.6015625,0.9804476499557495,0.6045408248901367,0.1859516203403473,110561.3359375,446.12335205078125
158,0.5339235782623291,0.5276588797569275,0.4899725615978241,147,81211.21684027778,0.9744690815607707,0.6505642983648512,0.21477156811290318,83307.95607638889,415.7338819715712,87933.3515625,0.9785959720611572,0.6399500966072083,0.19197013974189758,89856.6484375,413.5132751464844
159,0.5376692679193285,0.5610694885253906,0.4899725615978241,147,87520.85520833333,0.9760158724255033,0.6453743974367777,0.20748079121112822,89632.42534722222,423.228369140625,113860.1796875,0.9788072109222412,0.6246584057807922,0.20746654272079468,116325.4375,415.4862365722656
160,0.5174222509066264,0.4984496235847473,0.4899725615978241,147,86425.86510416666,0.9770117455058628,0.6595288713773092,0.20233160886499618,88462.71111111112,413.77579413519965,63217.40234375,0.9697171449661255,0.6785992383956909,0.23514674603939056,65191.58984375,388.2940673828125
161,0.528110208776262,0.4644564688205719,0.4644564688205719,161,75074.4078125,0.972316422727373,0.6556938913133409,0.2224068158202701,77177.60121527778,424.2467515733507,72712.2421875,0.9785146713256836,0.6875919699668884,0.18780042231082916,74308.7890625,369.2198791503906
162,0.5201530151897007,0.5012761950492859,0.4644564688205719,161,78837.86371527778,0.9742020752694872,0.659546262688107,0.21279895570543078,80865.7484375,419.48407660590277,70618.71875,0.9778825044631958,0.6610363721847534,0.1822657287120819,72215.953125,428.5712585449219
163,0.5351657854186164,0.5283676981925964,0.4644564688205719,161,79150.81979166667,0.9756761219766404,0.648524883058336,0.2049362152814865,81091.1734375,413.56536593967013,63323.0703125,0.9727307558059692,0.65174400806427,0.21060030162334442,65098.25,418.4052734375
164,0.5351729618178473,0.5363614559173584,0.4644564688205719,161,76856.0326388889,0.9754760106404622,0.6411572496096293,0.2029695858558019,78772.88524305556,426.29998711480033,108877.1484375,0.9817759394645691,0.6288524270057678,0.1791549175977707,110898.1640625,420.1759338378906
165,0.5199309918615553,0.5198112726211548,0.4644564688205719,161,76353.07925347223,0.9743429965443081,0.6581350313292609,0.21020436154471503,78337.98559027778,422.27962917751734,87556.0625,0.9796366691589355,0.6412227749824524,0.18185311555862427,89376.0546875,429.7055358886719
166,0.5118408468034532,0.5248197913169861,0.4644564688205719,161,69721.17126736112,0.9723809507158068,0.6645401133431329,0.21455740796195136,71658.92934027778,433.9989000108507,91161.2734375,0.9777125716209412,0.646851122379303,0.1973429024219513,93239.3359375,436.7923889160156
167,0.5127364608976576,0.5766175985336304,0.4644564688205719,161,72563.80963541666,0.9728992952240838,0.6638737916946411,0.2138857040140364,74557.1314236111,439.04830661349826,103296.515625,0.9759975075721741,0.6115076541900635,0.2173912674188614,105836.8671875,447.3857421875
168,0.5081725716590881,0.5270001292228699,0.4644564688205719,161,61815.70772569445,0.9687484820683797,0.6706035918659634,0.23024245268768734,63807.896440972225,435.8562249077691,68627.6171875,0.9719789028167725,0.654560923576355,0.21682681143283844,70606.078125,443.1119689941406
169,0.5250590999921163,0.5400516390800476,0.4644564688205719,161,75488.33229166667,0.9726576778623793,0.6562735120455424,0.21662569012906815,77601.9375,455.150303141276,88713.0,0.9765217900276184,0.634524405002594,0.19969002902507782,90845.8984375,467.30615234375
170,0.5243545293807983,0.5224337577819824,0.4644564688205719,161,79948.31284722222,0.9726432005564372,0.6565697431564331,0.21806320680512323,82155.08211805555,463.7640787760417,100499.8984375,0.9770596027374268,0.6446661353111267,0.21264363825321198,102859.5390625,414.46978759765625
171,0.502019402715895,0.5771210789680481,0.4644564688205719,161,73405.36284722222,0.9729855669869317,0.6715433994928995,0.21435458693239423,75432.63211805555,442.44383138020834,92333.9921875,0.9759301543235779,0.6033837199211121,0.20298521220684052,94611.2734375,493.18682861328125
172,0.5288851579030355,0.5647178292274475,0.4644564688205719,161,78342.1296875,0.9717508130603366,0.6536124653286404,0.22102029621601105,80559.47413194444,468.8477098253038,115468.015625,0.9795303344726562,0.6129955649375916,0.1897258460521698,117881.0,502.76495361328125
173,0.5203153173128764,0.460004061460495,0.460004061460495,173,80892.60434027777,0.972675006919437,0.6584791395399305,0.21849973367320166,83144.48923611111,470.6271002875434,62489.3125,0.9730049967765808,0.7061086893081665,0.20613275468349457,64223.01171875,428.59033203125
174,0.5090168654918671,0.5581095814704895,0.460004061460495,173,69499.67005208334,0.969783608118693,0.668076917860243,0.226639058192571,71637.67005208334,466.29190538194445,94540.9609375,0.9778050780296326,0.6159788370132446,0.19168196618556976,96686.921875,490.6153259277344
175,0.5112125701374478,0.5505242943763733,0.460004061460495,173,77932.5234375,0.9732193907101949,0.6619483947753906,0.21397284501128727,80062.3138888889,462.79485609266493,96341.875,0.9753849506378174,0.6230713129043579,0.2172727882862091,98773.1796875,443.87890625
176,0.511280255847507,0.5018024444580078,0.460004061460495,173,80582.83888888889,0.9735292871793111,0.6625347786479526,0.21248808304468791,82738.45763888888,466.3576171875,76420.2265625,0.9758792519569397,0.6664487719535828,0.19493374228477478,78309.1015625,467.34942626953125
177,0.5060662627220154,0.5522196888923645,0.460004061460495,173,78523.04270833333,0.9727721015612284,0.6643303261862861,0.21555519037776524,80704.35416666667,472.8387491861979,61565.58984375,0.9650710225105286,0.6373528838157654,0.23990873992443085,63793.84375,512.9091186523438
178,0.4986421187718709,0.4974071681499481,0.460004061460495,173,76583.23802083333,0.9730255775981479,0.6724375976456536,0.21047973533471426,78664.05989583333,475.9725280761719,80944.453125,0.9749855995178223,0.6778104901313782,0.20385080575942993,83021.1796875,471.2106628417969
179,0.5300979203648037,0.5618841648101807,0.460004061460495,173,84406.05121527778,0.9725955393579271,0.6485399074024625,0.21732166277037726,86751.68229166667,500.63177558051217,89003.3515625,0.9726112484931946,0.6259849667549133,0.21749944984912872,91509.6875,535.2965698242188
180,0.5206473032633464,0.5246638655662537,0.460004061460495,173,82386.48368055555,0.9735106666882832,0.6544369525379605,0.20964863697687786,84602.60451388889,501.63416476779514,72607.625,0.9694415926933289,0.6535026431083679,0.22689716517925262,74896.3359375,508.6293640136719
181,0.5169306145773993,0.5757635831832886,0.460004061460495,173,85475.63177083334,0.973417607943217,0.6559332927068074,0.2098169399632348,87728.34600694444,504.9874972873264,79144.3046875,0.9734936356544495,0.6137873530387878,0.20230638980865479,81299.25,552.2206420898438
182,0.5051583091417948,0.5242598652839661,0.460004061460495,173,79109.83489583334,0.9722586684756809,0.6653128292825486,0.21678334640132058,81346.30746527777,490.61342095269094,78900.5546875,0.9709748029708862,0.6512231826782227,0.22541707754135132,81259.1171875,494.37286376953125
183,0.5098343425326877,0.5092568397521973,0.460004061460495,173,81390.55407986112,0.9711828841103448,0.6637847728199429,0.21867460476027595,83654.33185763888,498.7656378851997,78353.5625,0.9772231578826904,0.652610719203949,0.18489134311676025,80179.8046875,490.9608459472656
184,0.5092503110567729,0.5433011054992676,0.460004061460495,173,73727.55989583333,0.9702535351117452,0.6660419556829664,0.22239654858907063,75947.34184027778,501.77060546875,69393.6640625,0.9694328904151917,0.6474809050559998,0.21938318014144897,71581.7109375,541.447265625
185,0.5196118831634522,0.4731994569301605,0.460004061460495,173,83292.05173611111,0.9728577335675558,0.6541854235861037,0.21491726934909822,85613.47552083334,507.5665269639757,82148.765625,0.9788122177124023,0.6819362640380859,0.18216679990291595,83926.9921875,444.6625671386719
186,0.5014502419365777,0.5204393863677979,0.460004061460495,173,71247.24027777778,0.9697597808308072,0.6702395174238417,0.2226280798514684,73428.84600694444,501.13667263454863,79514.3046875,0.9758456349372864,0.6347177028656006,0.19199472665786743,81482.4609375,513.4655151367188
187,0.5099053760369618,0.4989732801914215,0.460004061460495,173,77981.97482638889,0.9708830833435058,0.6640414913495382,0.22003042333655887,80275.8032986111,515.807575141059,86704.34375,0.9762771129608154,0.6629443168640137,0.19573922455310822,88811.203125,500.2017517089844
188,0.5066890358924866,0.5125991106033325,0.460004061460495,173,74109.99809027778,0.9693636020024617,0.6650827235645718,0.22814758718013764,76454.83211805555,513.3297573513455,82337.59375,0.9731752276420593,0.6569386720657349,0.2096320390701294,84607.1640625,526.5863647460938
189,0.49883362650871277,0.5101117491722107,0.460004061460495,173,70571.78072916667,0.9681230836444431,0.6737027472919888,0.2304287079307768,72869.18125,515.0110961914063,75447.3984375,0.9715315103530884,0.6559520959854126,0.21643106639385223,77658.2109375,510.3932800292969
190,0.5222861422432794,0.5299590229988098,0.460004061460495,173,75692.34149305556,0.969402896033393,0.6554283817609151,0.22432629499170514,78070.01163194445,547.6596015082465,88360.8515625,0.975100040435791,0.6337482333183289,0.19908061623573303,90617.21875,549.3084106445312
191,0.5097624414496952,0.5044589042663574,0.460004061460495,173,76373.43454861111,0.9691867748896281,0.6638979143566556,0.22617550856537288,78766.0859375,539.7850925021702,68197.8046875,0.9717682003974915,0.663254976272583,0.2051800936460495,70179.0859375,538.1876220703125
192,0.5039454552862379,0.4638446271419525,0.460004061460495,173,82731.19045138889,0.9725825375980801,0.6645596928066677,0.21293072104454042,85040.20677083333,525.8815958658854,52833.30078125,0.9687312245368958,0.6934623718261719,0.21087074279785156,54538.65625,504.5357360839844
193,0.508685388829973,0.5000821352005005,0.460004061460495,173,83526.9671875,0.9716575609313117,0.6618116140365601,0.2161925256252289,85903.95503472222,539.7239827473958,77318.2265625,0.9722147583961487,0.6612684726715088,0.2138420194387436,79527.9296875,509.33184814453125
194,0.508948501613405,0.499422162771225,0.460004061460495,173,79737.25581597222,0.9700817373063829,0.6653311941358778,0.2242689245276981,82180.33246527778,543.1252061631944,69801.0546875,0.9695988893508911,0.6735700368881226,0.21958620846271515,71989.6171875,535.270263671875
195,0.513800483279758,0.5468897223472595,0.460004061460495,173,79522.69435763889,0.9699721071455214,0.6581220282448663,0.22192435132132637,81936.31119791667,554.6690416124131,93782.2109375,0.9754422307014465,0.620589554309845,0.19681735336780548,96143.2734375,583.0875854492188
196,0.5191211369302537,0.537220299243927,0.460004061460495,173,77865.75173611111,0.9694244570202297,0.6539723303582933,0.22526415884494783,80306.3703125,554.7043172200521,75978.1328125,0.9702467322349548,0.6311795115470886,0.21675541996955872,78308.0546875,574.6657104492188
197,0.5200293276045057,0.5366018414497375,0.460004061460495,173,83430.56684027778,0.9697962813907199,0.6567886021402147,0.2254048595825831,86002.15190972222,570.2825005425348,68109.0234375,0.9662193655967712,0.6389428377151489,0.23186145722866058,70490.2265625,579.5796508789062
198,0.49869147141774495,0.5311989784240723,0.460004061460495,173,79192.53211805556,0.9707051250669692,0.668774958451589,0.21728547778394486,81539.34982638889,556.0367485894097,105811.6171875,0.9795042276382446,0.6230030655860901,0.1768033355474472,108025.6875,578.5043334960938
199,0.49973615474171107,0.5510000586509705,0.460004061460495,173,74108.89288194444,0.9689664271142747,0.670583905114068,0.22241102026568518,76450.54774305556,566.0766533745659,84164.5,0.9717537760734558,0.628434956073761,0.21323703229427338,86610.9296875,583.3690795898438
200,0.513639571931627,0.5168318152427673,0.460004061460495,173,72231.39027777778,0.967255895667606,0.6630791783332824,0.2287172065840827,74656.76519097222,584.155684407552,81638.0234375,0.9721530079841614,0.6549984216690063,0.2115015834569931,83976.515625,559.97509765625
201,0.5189697662989299,0.5260300636291504,0.460004061460495,173,77661.14635416666,0.9676386409335667,0.6567593706978692,0.23032264278994666,80203.03038194444,584.1861029730903,86199.640625,0.9730551242828369,0.6442896127700806,0.20814387500286102,88586.59375,570.7807006835938
202,0.527101465066274,0.5126267671585083,0.460004061460495,173,83156.85729166666,0.9692946844630771,0.647927372985416,0.22505792180697123,85773.36875,599.1995917426216,79277.1171875,0.9740038514137268,0.6486265063285828,0.1962331235408783,81393.0234375,581.2015380859375
203,0.4976964361137814,0.5267068147659302,0.460004061460495,173,70689.47022569444,0.9670187155405681,0.6732727421654595,0.22853465179602306,73077.51961805555,583.7963121202257,69662.125,0.968331515789032,0.6401631236076355,0.21523454785346985,71940.3671875,640.6197509765625
204,0.5070795151922438,0.49906405806541443,0.460004061460495,173,78935.62673611111,0.9689367254575093,0.6650120033158197,0.22153417037592993,81408.6125,603.2066216362847,80680.140625,0.9738646149635315,0.6619538068771362,0.21015664935112,82845.3359375,477.7679138183594
205,0.5125815365049574,0.4848257005214691,0.460004061460495,173,78588.17256944445,0.9690319021542867,0.6637034946017795,0.22472416427400377,81080.34652777777,582.3547092013889,86812.578125,0.9733079075813293,0.6645614504814148,0.21093276143074036,89193.3359375,537.0951538085938
206,0.4916949643029107,0.5210213661193848,0.460004061460495,173,72985.06944444444,0.9694467451837327,0.6720426864094204,0.2169888397057851,75271.74296875,585.2917534722222,85198.8515625,0.9743632674217224,0.6445345282554626,0.1971161663532257,87440.5390625,592.8754272460938
207,0.5020158052444458,0.49526509642601013,0.460004061460495,173,79377.52916666666,0.970313466919793,0.6654093782107036,0.21565259794394176,81794.50954861111,601.8349948459202,86137.5390625,0.9753736257553101,0.658564567565918,0.19248391687870026,88312.3515625,581.134765625
208,0.5004192219840156,0.5450153946876526,0.460004061460495,173,76056.85520833333,0.96778484582901,0.6690930406252543,0.22598923510975308,78543.5421875,603.9691772460938,79322.625,0.9708359241485596,0.6239126920700073,0.2074565589427948,81705.4921875,659.0584106445312
209,0.5034728321764205,0.5125398635864258,0.460004061460495,173,73732.67934027778,0.9666423506206936,0.6685430619451734,0.22811900277932484,76219.46753472222,617.8077026367188,64257.51171875,0.9634134769439697,0.6598052978515625,0.2368551343679428,66697.75,631.8944091796875
210,0.5144798821873136,0.5260318517684937,0.460004061460495,173,82113.37864583333,0.9677615761756897,0.659244253900316,0.22826569345262315,84801.48315972222,632.6168633355035,86004.6171875,0.9721986055374146,0.6478015780448914,0.20796339213848114,88464.0390625,620.8951416015625
211,0.5080849753485785,0.5418419241905212,0.460004061460495,173,76694.19296875,0.9674798554844326,0.6604087101088629,0.22673640151818594,79222.80703125,615.7949964735243,87926.65625,0.969529390335083,0.6418418288230896,0.22345514595508575,90690.0390625,641.3525390625
212,0.5079958571328057,0.5287607312202454,0.460004061460495,173,83300.41510416666,0.9691526823573642,0.6601271748542785,0.22379017207357618,85935.09010416667,619.7989827473958,79961.6640625,0.9689559936523438,0.6455230116844177,0.21889729797840118,82523.5234375,655.4354858398438
213,0.4972144067287445,0.49597159028053284,0.460004061460495,173,73743.28776041667,0.9664141893386841,0.6701710210906134,0.22904992699623108,76273.94887152778,632.4723646375868,76332.6875,0.9701526761054993,0.6715605854988098,0.21479979157447815,78681.109375,598.5025634765625
214,0.5090522156821357,0.5014535188674927,0.460004061460495,173,79916.61927083334,0.965884006023407,0.664190079106225,0.23626617391904195,82673.8373263889,635.6579888237848,68526.515625,0.9677201509475708,0.6638450622558594,0.21798764169216156,70812.328125,634.8590698242188
215,0.5048963129520416,0.5330925583839417,0.460004061460495,173,73802.11206597222,0.9657066530651517,0.6652810970942179,0.23154609402020773,76398.32309027777,647.0772718641493,98380.7109375,0.9721826314926147,0.6332787275314331,0.2131102979183197,101195.7109375,657.3219604492188
216,0.5126095241970486,0.48858514428138733,0.460004061460495,173,81558.15329861111,0.9685893032285903,0.6583502014478048,0.22155220740371281,84179.94895833333,655.4565633138021,54135.28125,0.9674185514450073,0.6746644377708435,0.2069201022386551,55958.48828125,627.4705810546875
217,0.49048208660549586,0.5542411208152771,0.460004061460495,173,80225.31649305555,0.9692079755995009,0.6709322757191128,0.22081464363469017,82758.87222222223,618.9172417534722,72842.1171875,0.9617596864700317,0.6383861899375916,0.24726299941539764,75738.375,699.5463256835938
218,0.5119580580128564,0.5259532332420349,0.460004061460495,173,76402.93350694445,0.9665177424748739,0.6563964406649272,0.22848910391330718,79015.19045138889,654.1655287000868,73002.015625,0.9673852920532227,0.6383530497550964,0.21993353962898254,75463.2265625,674.3084716796875
219,0.4914582159784105,0.5365684628486633,0.460004061460495,173,63864.5546875,0.9617862608697679,0.679946329858568,0.24359488752153186,66393.08177083333,637.6926879882812,82726.8984375,0.9704676270484924,0.6308808922767639,0.20578749477863312,85244.3671875,733.1494750976562
220,0.48679077492819894,0.5077976584434509,0.460004061460495,173,73780.24574652778,0.9667362160152859,0.6779295616679721,0.22421457800600264,76265.02274305555,653.2380547417534,68113.8671875,0.9664514660835266,0.6564704179763794,0.22346769273281097,70478.3125,643.3124389648438
221,0.5089248809549544,0.5419158935546875,0.460004061460495,173,85263.88993055555,0.9693480677074856,0.6604462504386902,0.21809346245394812,87954.17100694444,679.5210408528645,97350.9609375,0.9717302322387695,0.6311970949172974,0.20938055217266083,100183.1171875,720.0548095703125
222,0.5075468440850576,0.5443715453147888,0.460004061460495,173,77323.68211805556,0.9658064285914103,0.6615237871805827,0.23100407090451983,80033.1375,675.6398939344618,76743.6640625,0.9668018221855164,0.6319374442100525,0.2220255732536316,79378.8984375,720.4097290039062
223,0.4911029014322493,0.5107346177101135,0.460004061460495,173,75148.88871527778,0.9668359981642829,0.6726709511544969,0.22538139224052428,77692.80954861111,657.6683091905381,75656.6484375,0.9662107229232788,0.66216641664505,0.22626645863056183,78302.4296875,699.3296508789062
224,0.49523235691918266,0.49589061737060547,0.460004061460495,173,67260.65173611112,0.9621885392400954,0.6768775953186883,0.2399827520052592,69864.0671875,678.7063937717014,71091.453125,0.9681597352027893,0.6660972833633423,0.22341473400592804,73429.46875,582.2423706054688
225,0.5051171991560194,0.5145005583763123,0.460004061460495,173,74899.77621527777,0.9649547550413343,0.6677192158169216,0.23303831981288062,77569.89149305556,675.0457777235243,67134.5234375,0.9667705297470093,0.6543343663215637,0.21187202632427216,69442.046875,753.2819213867188
226,0.5019607219431136,0.5086042881011963,0.460004061460495,173,77355.53541666667,0.9684768478075664,0.6617810275819567,0.21719858944416046,79852.33663194445,671.7961249457466,78374.0859375,0.9669610261917114,0.6560689210891724,0.22191861271858215,81051.9609375,728.9022827148438
227,0.4878387596872118,0.5180191397666931,0.460004061460495,173,66398.51510416667,0.9631608910030789,0.6768078049023946,0.23379253943761188,68886.71059027778,677.6323011610243,81719.9921875,0.9702879190444946,0.6485292315483093,0.20955152809619904,84222.4140625,690.2899780273438
228,0.49413844214545355,0.5459315180778503,0.460004061460495,173,73003.88368055556,0.96653776301278,0.6696640875604417,0.2227580236064063,75494.8046875,677.1813951280382,85497.3046875,0.9661356210708618,0.6288588643074036,0.22766169905662537,88494.1015625,778.8630981445312
229,0.5084187202983432,0.5021393895149231,0.460004061460495,173,80702.82855902778,0.9669822282261319,0.6596100886662801,0.22404637734095256,83441.23671875,716.2144436306423,55528.6640625,0.9596731662750244,0.6665171980857849,0.2359718382358551,57862.05859375,728.8779296875
230,0.5104829622639551,0.5399367213249207,0.460004061460495,173,81252.51979166667,0.9667178644074335,0.6574890454610188,0.22447525759538015,83979.48871527778,711.504325358073,80789.4609375,0.9654409289360046,0.6316382884979248,0.2284202128648758,83681.4140625,770.7135620117188
231,0.49357543720139396,0.5021852254867554,0.460004061460495,173,74258.11944444444,0.9644959489504497,0.6743608090612624,0.23233747084935505,76942.18003472222,699.5446017795139,81103.4375,0.9665331840515137,0.6675261855125427,0.23217768967151642,83911.6953125,670.2846069335938
232,0.5041949417856004,0.5053579211235046,0.460004061460495,173,87388.74322916666,0.9668933510780334,0.6612272938092549,0.22988832857873703,90334.3138888889,708.1511840820312,69244.359375,0.964504063129425,0.6577739119529724,0.22785617411136627,71792.7109375,716.2763061523438
233,0.496472344133589,0.5187408328056335,0.460004061460495,173,76911.29618055555,0.9659437550438775,0.6682515912585788,0.22573414676719242,79596.09982638889,722.9709567599826,65141.42578125,0.9620909094810486,0.6512748003005981,0.234978586435318,67708.1796875,727.0411376953125
234,0.4865543378723992,0.5169912576675415,0.460004061460495,173,77657.08177083333,0.9675557480918037,0.6711766759554545,0.22008287641737195,80221.35677083333,694.893324110243,95782.53125,0.9723678827285767,0.6445885896682739,0.20452210307121277,98504.4140625,720.6023559570312
235,0.5073316150241428,0.5369295477867126,0.460004061460495,173,82937.34027777778,0.9671216739548577,0.6590004616313511,0.22418930265638565,85744.5421875,730.1370225694444,89952.5859375,0.9696968197822571,0.6384326219558716,0.21191148459911346,92763.6171875,774.357177734375
236,0.5046578870879279,0.5383708477020264,0.460004061460495,173,80455.07065972222,0.9661021206114028,0.6602334645059373,0.22675134936968486,83261.05295138889,739.477608235677,79893.1328125,0.9640216827392578,0.6387669444084167,0.23419107496738434,82874.828125,778.7780151367188
237,0.49920731650458444,0.5130838751792908,0.460004061460495,173,69924.29253472222,0.9616533954938252,0.66911791033215,0.2410336371925142,72695.05138888888,727.9806030273437,98267.1171875,0.9731844663619995,0.6408219337463379,0.2008531391620636,100974.8125,724.3556518554688
238,0.4999997569455041,0.5255187153816223,0.460004061460495,173,76473.07204861111,0.9643662134806316,0.6652415858374702,0.23021332522233326,79234.625,748.6299438476562,77607.0859375,0.9637823104858398,0.6484710574150085,0.23399889469146729,80523.4609375,772.4713134765625
239,0.48956360419591266,0.5181588530540466,0.460004061460495,173,79399.47118055556,0.9675642649332682,0.6706956558757358,0.21875933243168724,82045.78402777777,728.5478081597222,110761.75,0.9727613925933838,0.640876293182373,0.21148480474948883,113863.2265625,718.1295166015625
240,0.4920960439576043,0.5007993578910828,0.460004061460495,173,80535.14583333333,0.965435160530938,0.67284324698978,0.23111490640375348,83397.87934027778,727.9909939236111,101581.5703125,0.9731749296188354,0.6538202166557312,0.200133815407753,104381.6171875,758.1417236328125
241,0.4833446635140313,0.5527321696281433,0.460004061460495,173,77752.05954861111,0.9663043353292677,0.6779594434632196,0.22331374486287434,80407.5234375,724.0122775607639,79849.6484375,0.9674711227416992,0.6235136985778809,0.21359136700630188,82534.3984375,813.4921264648438
242,0.5205498913923899,0.42466503381729126,0.42466503381729126,242,80526.9623263889,0.9650142232577006,0.6513343413670858,0.22974108623133765,83441.77690972222,780.1706570095486,67815.2109375,0.9685725569725037,0.7138904929161072,0.21783283352851868,70015.625,586.067138671875
243,0.4962330341339111,0.4933171272277832,0.42466503381729126,242,76332.94739583334,0.9646040042241414,0.6664287077056037,0.23065899279382493,79089.32986111111,737.2838148328993,50543.5234375,0.9584810733795166,0.667705237865448,0.23526477813720703,52732.9375,732.3020629882812
244,0.5163680248790317,0.5215562582015991,0.42466503381729126,242,74400.3171875,0.961538569132487,0.6562569750679864,0.2394610494375229,77330.0609375,790.0668402777778,60518.9453125,0.9571145176887512,0.6457651853561401,0.24759717285633087,63230.62109375,794.1693115234375
245,0.4847522046830919,0.5478459596633911,0.42466503381729126,242,67434.28940972222,0.9596840540568033,0.6824418213632372,0.2466762430138058,70255.03107638888,744.1163614908854,105397.3984375,0.9696810245513916,0.6250865459442139,0.21698182821273804,108692.8515625,835.30712890625
246,0.48867506980895997,0.5415510535240173,0.42466503381729126,242,71867.92274305556,0.9623688313696119,0.6736280878384908,0.2358039786418279,74618.69913194445,753.3147067599826,85302.5859375,0.9636533260345459,0.6355443000793457,0.2364368736743927,88519.9921875,828.8440551757812
247,0.48981123434172735,0.5781720280647278,0.42466503381729126,242,79755.7671875,0.9659111155403985,0.669353273179796,0.2247274140516917,82521.22760416666,754.1680759006076,82762.25,0.9613544940948486,0.6087124943733215,0.24112455546855927,86089.2109375,890.0841674804688
248,0.4974417163266076,0.5477407574653625,0.42466503381729126,242,75252.78758680556,0.9611692441834344,0.6697402331564162,0.2422831952571869,78246.84461805556,788.1663492838542,76760.1953125,0.9583710432052612,0.6376169323921204,0.2548716366291046,80094.4453125,837.0421142578125
249,0.4891013781229655,0.519220769405365,0.42466503381729126,242,75888.81119791667,0.9625878863864474,0.6747498975859748,0.2386770122581058,78800.15338541666,758.5378824869791,91108.140625,0.9714841246604919,0.6334454417228699,0.2022511512041092,93782.4296875,778.0869140625
250,0.49470614194869994,0.507297694683075,0.42466503381729126,242,75066.88663194445,0.9625514136420356,0.6709389090538025,0.2346501194768482,77931.65086805556,786.1515665690105,86372.7890625,0.9654233455657959,0.650463879108429,0.2329666018486023,89466.234375,769.8038330078125
251,0.5104523168669807,0.5635833144187927,0.42466503381729126,242,85089.96423611112,0.9645043465826246,0.6573416140344408,0.2317102617687649,88147.33940972222,802.7795477973091,97495.9765625,0.9688539505004883,0.6047196388244629,0.21313361823558807,100630.2109375,886.8460083007812
252,0.49833320445484586,0.539473831653595,0.42466503381729126,242,78881.65451388889,0.9632344033983019,0.665358759297265,0.23327727781401741,81829.89322916667,805.5231662326389,83004.1015625,0.9645244479179382,0.6264032125473022,0.22768820822238922,86057.0234375,858.0014038085938
253,0.5112308343251546,0.4884778559207916,0.42466503381729126,242,83545.07934027778,0.9631658461358812,0.6591127700275845,0.2362723661793603,86720.00694444444,835.0305230034722,88488.5625,0.972195565700531,0.6578852534294128,0.19766049087047577,91019.3046875,763.4775390625
254,0.5039751728375753,0.5245947241783142,0.42466503381729126,242,75884.90746527778,0.9618269615703159,0.6607567985852559,0.23871108028623794,78894.0984375,813.9613715277778,90806.6953125,0.9687551259994507,0.6335960626602173,0.21390701830387115,93735.4453125,821.3685913085938
255,0.5072734859254625,0.4613095819950104,0.42466503381729126,242,80708.13125,0.9629787259631687,0.6595625387297737,0.23294181790616778,83751.57743055555,844.450055609809,63751.40234375,0.9619786739349365,0.6844286918640137,0.23826314508914948,66271.1171875,681.7621459960938
256,0.5112211041980319,0.5178943872451782,0.42466503381729126,242,82260.25989583334,0.9635372651947869,0.6580361697408889,0.23243405487802293,85367.69444444444,851.0328993055556,87286.6875,0.9675595760345459,0.6339009404182434,0.21822045743465424,90213.2421875,816.500244140625
257,0.502552815940645,0.4806727468967438,0.42466503381729126,242,78143.85972222222,0.9627549674775865,0.6616265654563904,0.23507090674506292,81172.5689236111,828.9127048068576,78868.4921875,0.9682444930076599,0.674223780632019,0.2118433266878128,81455.140625,772.9025268554688
258,0.49146353469954596,0.5411557555198669,0.42466503381729126,242,75444.57942708333,0.962713536951277,0.6694536646207173,0.23175505068567065,78326.86935763889,826.7380628797744,94078.0390625,0.9664676785469055,0.6247837543487549,0.22242745757102966,97342.1484375,902.9856567382812
259,0.4939255383279588,0.5187645554542542,0.42466503381729126,242,80374.89114583333,0.9630920714802212,0.6671843780411615,0.23434505926238167,83423.38784722223,827.7137396918403,96636.6015625,0.9667283296585083,0.6468366980552673,0.22490839660167694,99962.5234375,872.888671875
260,0.49096451335483127,0.5203514099121094,0.42466503381729126,242,78620.56545138889,0.964042517873976,0.6693136109246148,0.22684945000542533,81530.97309027778,849.0550333658854,82209.9140625,0.9681345224380493,0.6387469172477722,0.20952658355236053,84915.796875,847.7022705078125
261,0.5170430461565654,0.4601217806339264,0.42466503381729126,242,86594.84635416667,0.9639893147680495,0.6494894689983792,0.23106919957531824,89807.97621527778,879.644600423177,81334.734375,0.9700379371643066,0.6823633313179016,0.2072593867778778,83846.9609375,731.0585327148438
262,0.503642072280248,0.5149842500686646,0.42466503381729126,242,80685.33020833334,0.9623044557041592,0.6601467569669087,0.23842583894729613,83822.35399305556,835.376555718316,67357.5390625,0.9563828110694885,0.6593591570854187,0.2515209913253784,70429.4765625,877.98828125
263,0.5065558506382837,0.5472845435142517,0.42466503381729126,242,76902.65859375,0.9622400005658468,0.6571979191568162,0.23208773831526439,79867.07699652777,863.820625813802,87662.8046875,0.9597012996673584,0.6297120451927185,0.2527090013027191,91343.84375,902.0656127929688
264,0.5067360705799526,0.4278898239135742,0.42466503381729126,242,75491.14149305556,0.9616890046331618,0.6595764769448175,0.23307390709718068,78494.253125,891.8974161783855,41231.00390625,0.9495587944984436,0.7213966846466064,0.26142048835754395,43421.22265625,708.9367065429688
265,0.49225251873334247,0.4990471303462982,0.42466503381729126,242,74926.03472222222,0.9614344490898981,0.6704340206252204,0.2353315810362498,77895.92578125,855.2267469618056,67085.109375,0.9649121165275574,0.6564591526985168,0.21468259394168854,69524.578125,839.8408203125
266,0.49409644272592335,0.45766177773475647,0.42466503381729126,242,76820.51996527778,0.9626493559943305,0.6673745287789239,0.22997131877475316,79730.04878472222,858.2200778537326,75837.8046875,0.9659653902053833,0.6829851269721985,0.22338083386421204,78509.859375,746.8627319335938
267,0.5032932029830085,0.528187096118927,0.42466503381729126,242,76489.05477430555,0.9598173525598314,0.6618669894006517,0.2411097400718265,79630.21085069445,889.7345906575521,60856.15625,0.9429241418838501,0.6549721956253052,0.2979588508605957,64539.8203125,932.2850952148438
268,0.4984384662575192,0.5205020904541016,0.42466503381729126,242,79520.92864583334,0.9627872930632697,0.6610200232929654,0.23246926797760858,82585.27361111112,871.3578016493055,96558.8046875,0.9715612530708313,0.6344397664070129,0.19729794561862946,99385.1953125,897.4871215820312
269,0.4797496332062615,0.4459640085697174,0.42466503381729126,242,68711.5296875,0.959242069721222,0.6804382867283292,0.23806343608432345,71553.2251736111,866.8005628797744,71077.0,0.9697957634925842,0.6977462768554688,0.1968725621700287,73290.6875,799.7713012695312
270,0.49742765890227425,0.5046704411506653,0.42466503381729126,242,79768.66180555556,0.9603667749298943,0.6694719552993774,0.24254263540108997,83053.49774305556,898.3285251193577,77064.2109375,0.9625762701034546,0.6583907008171082,0.23725010454654694,80060.3671875,801.3485717773438
271,0.4883545888794793,0.5797061324119568,0.42466503381729126,242,77573.05303819444,0.9606904784838358,0.6735773550139533,0.23778280085987516,80637.1381076389,872.2800455729167,135802.40625,0.9727901816368103,0.5780526995658875,0.20147381722927094,139600.921875,1030.6776123046875
272,0.504582925637563,0.46117791533470154,0.42466503381729126,242,87631.2265625,0.9639219986067877,0.6563955664634704,0.23091123733255597,90903.42118055555,902.40849609375,71652.2578125,0.9634816646575928,0.6891709566116333,0.23065213859081268,74368.0546875,767.1149291992188
273,0.4992445621225569,0.4878654181957245,0.42466503381729126,242,85071.0140625,0.9626989271905687,0.6627694368362427,0.23367307881514232,88331.88333333333,908.9018025716146,82200.875,0.963394045829773,0.6665869951248169,0.2330455332994461,85324.25,855.0914916992188
274,0.4914861586358812,0.4726162850856781,0.42466503381729126,242,73172.36232638889,0.9583811415566339,0.6701934748225742,0.24404788977570005,76280.36822916666,898.4572374131944,57373.1015625,0.9582635164260864,0.6711397171020508,0.23518754541873932,59871.9453125,845.2861328125
275,0.48915426002608403,0.47293469309806824,0.42466503381729126,242,74327.85364583334,0.9585491961903042,0.6738753981060452,0.24337024754948086,77480.19288194444,913.4840277777778,48682.8984375,0.9484347105026245,0.6874223947525024,0.26243722438812256,51329.73046875,880.4326171875
276,0.4915553205543094,0.49901676177978516,0.42466503381729126,242,74509.70555555556,0.9595304343435499,0.6702615406778124,0.24033837450875176,77624.02725694445,905.3347466362848,78888.6484375,0.9651255011558533,0.6549201011657715,0.21429330110549927,81739.265625,977.8392944335938
277,0.48105857637193467,0.5442790389060974,0.42466503381729126,242,73074.08559027778,0.9586886670854357,0.6776931881904602,0.24379458030064902,76176.63715277778,893.4305447048611,75661.4296875,0.9601712822914124,0.6272153258323669,0.23258689045906067,78799.9296875,1010.9148559570312
278,0.49697020451227825,0.5028916597366333,0.42466503381729126,242,76038.73506944445,0.9591682526800368,0.6675585309664408,0.24262957440482247,79281.54756944445,931.6369113498264,84019.3984375,0.9622721076011658,0.6573904752731323,0.23923218250274658,87313.5546875,867.51611328125
279,0.4731933269235823,0.4994114935398102,0.42466503381729126,242,67111.96979166666,0.9573372840881348,0.682221782207489,0.24414345026016235,70047.08784722222,886.0695963541667,68843.4921875,0.95884108543396,0.6586645245552063,0.23703652620315552,71798.6484375,942.8073120117188
280,0.4782558010684119,0.4236147105693817,0.4236147105693817,280,64950.877604166664,0.9550454245673285,0.6826176020834182,0.24998547203010982,67945.5015625,915.3093573676215,84652.0859375,0.976025402545929,0.697921097278595,0.17570212483406067,86731.4375,746.24560546875
281,0.4737117098437415,0.49814316630363464,0.4236147105693817,280,72302.17248263888,0.9586635669072469,0.684748007191552,0.24240589208073085,75374.31623263888,903.1620646158855,57665.9375,0.955910325050354,0.6615480780601501,0.23844265937805176,60325.67578125,952.73828125
282,0.48995484974649217,0.48043695092201233,0.4236147105693817,280,70661.72361111111,0.9583859377437167,0.6703902416759067,0.23896242082118987,73677.52569444444,945.959541829427,60764.65625,0.9541261792182922,0.6756572723388672,0.25240349769592285,63686.18359375,902.0546875
283,0.4792794638209873,0.5611252188682556,0.4236147105693817,280,72715.11128472222,0.9601169082853529,0.674751799636417,0.23816300763024223,75735.0611111111,892.2689548068577,89649.6796875,0.9622701406478882,0.6096045970916748,0.23076510429382324,93164.7734375,1053.605712890625
284,0.49773055911064146,0.47999534010887146,0.4236147105693817,280,82498.33055555556,0.961152278052436,0.6651654269960191,0.23601935042275324,85802.63767361111,960.9682834201388,66786.5390625,0.9603911638259888,0.6718700528144836,0.22896672785282135,69540.9765625,934.8765869140625
285,0.5003409186999003,0.49116984009742737,0.4236147105693817,280,77429.66892361111,0.9572200364536709,0.66534892850452,0.2481202393770218,80850.21857638888,983.6403401692709,71631.875,0.9562684893608093,0.6671379208564758,0.255833238363266,74907.703125,882.1599731445312
286,0.48462861842579313,0.5226265788078308,0.4236147105693817,280,74401.81067708334,0.9591611239645216,0.6745917757352193,0.24049037661817338,77546.95,934.1236423068576,87860.4296875,0.9679746031761169,0.6354389786720276,0.2024245709180832,90767.2890625,1058.4520263671875
287,0.4910296181837718,0.5278891921043396,0.4236147105693817,280,71753.49722222223,0.9581535736719767,0.6675551427735222,0.23920404778586493,74854.2670138889,980.5383680555556,88754.9375,0.962469756603241,0.6309013366699219,0.232601135969162,92215.8203125,997.5242309570312
288,0.48519960906770493,0.5183380246162415,0.4236147105693817,280,76362.2328125,0.9597794691721598,0.6738626254929436,0.23762492537498475,79543.24722222223,957.6572238498264,98313.6875,0.9693248867988586,0.639988362789154,0.2011229693889618,101424.90625,1062.9439697265625
289,0.4856907897525363,0.4908579885959625,0.4236147105693817,280,79050.04756944445,0.9592498885260687,0.6765919062826369,0.2408646712700526,82324.21545138888,952.5435031467014,72663.234375,0.9656834006309509,0.6594054102897644,0.21879057586193085,75245.3984375,788.8596801757812
290,0.5056878474023607,0.5055875182151794,0.4236147105693817,280,75065.5671875,0.9584969480832418,0.6585910267300076,0.2413989007472992,78302.27361111112,979.7836642795139,63706.76171875,0.9633303880691528,0.646446704864502,0.21226130425930023,66131.7890625,964.5599975585938
291,0.4811508549584283,0.4959218204021454,0.4236147105693817,280,78670.82369791667,0.961418957180447,0.673640067047543,0.2316192262702518,81745.91684027777,934.2536933051215,78033.5859375,0.9663830995559692,0.6539141535758972,0.20777958631515503,80748.0859375,978.86767578125
292,0.49872616728146874,0.46644020080566406,0.4236147105693817,280,78757.14097222222,0.9587065352333917,0.6634751200675965,0.2408123811086019,82109.8890625,1006.6610365125869,83806.0234375,0.9697972536087036,0.6780391335487366,0.1987047791481018,86416.0234375,908.0460815429688
293,0.48490690920088025,0.47405606508255005,0.4236147105693817,280,76455.96163194445,0.9599205798572964,0.674793803691864,0.23714164594809214,79620.46579861111,956.0859537760417,65116.1875,0.9576612710952759,0.6836804151535034,0.23881025612354279,67995.0078125,941.1693725585938
294,0.49496477312511866,0.47212105989456177,0.4236147105693817,280,71325.796875,0.9550526380538941,0.6679887784851922,0.2500620057185491,74612.3046875,1004.4327853732639,70170.8984375,0.9604414701461792,0.6765961050987244,0.22738026082515717,73061.0859375,1004.7748413085938
295,0.5003660963641272,0.5018119812011719,0.4236147105693817,280,75667.6640625,0.9575393504566616,0.6609482712215847,0.242797671424018,78999.53576388888,1025.3809027777777,57612.89453125,0.9497665762901306,0.6650968194007874,0.26265352964401245,60660.05859375,960.5162353515625
296,0.49746398131052655,0.5068173408508301,0.4236147105693817,280,76879.6157986111,0.9579763438966539,0.6638504889276292,0.24302813443872665,80230.40520833334,1010.5466457790799,97588.3671875,0.9645150303840637,0.6520617604255676,0.22997741401195526,101178.6875,974.5612182617188
297,0.48992155459192066,0.47672995924949646,0.4236147105693817,280,81143.68958333334,0.9599669681655036,0.668470299243927,0.2369925532076094,84495.30017361112,1009.9906873914931,61900.66796875,0.9535384774208069,0.6835157871246338,0.25163134932518005,64916.80078125,964.6254272460938
298,0.4946114752027724,0.5203884243965149,0.4236147105693817,280,72964.29027777778,0.9557784742779202,0.6672836197747125,0.24805071817504035,76313.83333333333,1027.6218221028646,77805.7421875,0.9541650414466858,0.652750551700592,0.2599659264087677,81543.2734375,1033.672607421875
299,0.4685335748725467,0.5160655975341797,0.4236147105693817,280,74544.82213541666,0.9579441110293071,0.6835429549217225,0.24435576266712614,77799.875,964.5156467013888,86110.6640625,0.9638072848320007,0.6422948241233826,0.2214118391275406,89344.2734375,1046.8470458984375
300,0.4997911810874939,0.506881594657898,0.4236147105693817,280,79878.89427083333,0.9568425960010952,0.6607367237408955,0.2472874144713084,83409.72743055556,1042.0613389756945,82886.25,0.9636728167533875,0.6521300673484802,0.21946796774864197,86010.78125,1055.0946044921875
301,0.49261116915278963,0.5232117772102356,0.4236147105693817,280,83097.92708333333,0.9605562196837532,0.6636109047465855,0.23492652608288658,86484.90538194444,1028.3759914822049,92638.328125,0.9639172554016113,0.6389082074165344,0.22181954979896545,96106.1015625,1110.0474853515625
302,0.4808452698919508,0.5749455690383911,0.4236147105693817,280,75923.34704861112,0.9589286314116584,0.675601413514879,0.2376923832628462,79159.28402777777,1019.1174370659722,67812.5,0.9494166374206543,0.6074823141098022,0.26458996534347534,71425.4375,1120.7828369140625
303,0.4910620000627306,0.5176641345024109,0.4236147105693817,280,75511.14722222222,0.957663114865621,0.6666930026478237,0.24042292965783013,78781.49722222223,1032.5953925238716,96065.9140625,0.9606331586837769,0.6399229168891907,0.24330438673496246,100002.703125,1051.8062744140625
304,0.48450809717178345,0.49039965867996216,0.4236147105693817,280,72806.03489583333,0.9561057951715257,0.6726988116900127,0.24365197916825612,76076.56302083333,1051.1478271484375,93006.5859375,0.9674670100212097,0.657197892665863,0.21030910313129425,96134.1171875,1004.3601684570312
305,0.48800598714086746,0.4781605899333954,0.4236147105693817,280,79302.09817708333,0.9576110588179694,0.672733109527164,0.24437266521983678,82797.36380208333,1048.6308702256945,60591.4140625,0.9589043259620667,0.6740719676017761,0.22798559069633484,63188.17578125,968.5386962890625
306,0.48396930164761015,0.49808311462402344,0.4236147105693817,280,76888.21484375,0.9577972425354851,0.6723040368821885,0.24168418480290307,80252.18072916666,1041.8994140625,64859.86328125,0.9496155381202698,0.6654332876205444,0.26394715905189514,68301.1796875,1070.4554443359375
307,0.4920162989033593,0.5155516862869263,0.4236147105693817,280,84884.03177083333,0.9597699801127116,0.6666656917995877,0.23891018099255032,88445.37934027778,1055.3692070855034,73304.0546875,0.9582539796829224,0.647177517414093,0.23284542560577393,76497.5234375,1125.5465087890625
308,0.48502541648017033,0.5245437622070312,0.4236147105693817,280,67283.31770833333,0.9527286185158623,0.6758955849541558,0.25434623559316,70599.7453125,1050.7283257378472,95034.1796875,0.9658038020133972,0.6328903436660767,0.21576835215091705,98399.0546875,1078.7005615234375
309,0.498856485552258,0.5393925309181213,0.4236147105693817,280,79484.7125,0.9559159901407029,0.6633212129275005,0.2504297501511044,83098.41961805556,1061.5219495985243,90435.3046875,0.9637473821640015,0.6205102801322937,0.2199188619852066,93837.1484375,1134.7615966796875
310,0.500848200586107,0.49045488238334656,0.4236147105693817,280,82756.03802083334,0.9590922726525201,0.6607619828648037,0.23701608876387278,86243.7625,1098.362931315104,71501.53125,0.9598548412322998,0.6702025532722473,0.23264022171497345,74492.0234375,976.1748046875
311,0.4866800493664212,0.4763107895851135,0.4236147105693817,280,82275.5515625,0.9593614962365892,0.670956552028656,0.23896347383658093,85726.21440972222,1039.416609700521,80702.703125,0.9629886150360107,0.6724355816841125,0.22202451527118683,83804.421875,1037.7757568359375
312,0.490359757343928,0.4774574339389801,0.4236147105693817,280,74918.5845486111,0.9563825209935506,0.6674822847048442,0.24307335515817005,78273.83333333333,1074.9758477105036,67425.96875,0.9590011239051819,0.6761054396629333,0.22902855277061462,70308.5390625,1048.0286865234375
313,0.48243673178884716,0.4537491798400879,0.4236147105693817,280,77817.13072916666,0.9579434858428107,0.6727073656188117,0.24044100840886434,81209.20225694444,1064.2829142252604,41845.265625,0.9416678547859192,0.6960203051567078,0.2703875005245209,44437.39453125,984.8359375
314,0.4987187650468614,0.5326684713363647,0.4236147105693817,280,80472.36996527777,0.9580198367436726,0.6602643013000489,0.2385996404621336,83955.2875,1111.0223741319444,106991.578125,0.9627867341041565,0.6328746676445007,0.23981425166130066,111126.9765625,1053.9969482421875
315,0.4715608186191983,0.5161963701248169,0.4236147105693817,280,75032.05069444445,0.9576046188672384,0.6833630442619324,0.23996259371439616,78310.78064236112,1052.025851779514,98627.1484375,0.9673519730567932,0.6393114924430847,0.206509530544281,101955.8046875,1158.7357177734375
316,0.49819801648457845,0.5394726991653442,0.4236147105693817,280,85442.859375,0.9583039230770535,0.6615164465374417,0.2402757230732176,89083.025,1119.2730929904515,80382.0546875,0.9593271017074585,0.6251747012138367,0.2291102409362793,83790.0390625,1218.8013916015625
317,0.4862243374188741,0.5603503584861755,0.4236147105693817,280,76280.82482638888,0.9570708288086786,0.6703490244017707,0.23977662589814927,79650.57083333333,1108.844015842014,89925.8984375,0.955923855304718,0.6189748048782349,0.24742594361305237,94072.2421875,1280.8260498046875
318,0.4808338344097137,0.4848296344280243,0.4236147105693817,280,74297.66961805556,0.9565693815549214,0.6750225636694166,0.24165668818685743,77651.17152777778,1095.8822930230035,83047.3125,0.9634181261062622,0.6623703241348267,0.22006119787693024,86200.6953125,1067.8612060546875
319,0.48890287147627937,0.5243769884109497,0.4236147105693817,280,76839.80486111112,0.957481132613288,0.667481952243381,0.2390643215841717,80231.32552083333,1112.7216878255208,83531.1171875,0.9632505774497986,0.6283785700798035,0.22023166716098785,86717.953125,1085.5738525390625
320,0.48623988827069603,0.49378156661987305,0.4236147105693817,280,80803.57378472222,0.9573106659783257,0.6710187262958951,0.24347824619876013,84391.51614583333,1104.5325439453125,71132.4375,0.9604533910751343,0.660173773765564,0.22388146817684174,74061.3125,1086.720458984375
321,0.49557293256123863,0.49729976058006287,0.4236147105693817,280,83543.31180555555,0.9581501338216993,0.6608719110488892,0.23940286934375762,87125.76510416667,1125.0038384331597,81892.4296875,0.9598411917686462,0.6601569056510925,0.23308974504470825,85318.7265625,1111.406982421875
322,0.4808720416492886,0.5096377730369568,0.4236147105693817,280,73116.43784722222,0.9539394749535455,0.6777616659800212,0.2503040628300773,76609.16180555556,1111.873939344618,66505.328125,0.956416666507721,0.6533989906311035,0.2356087565422058,69535.9375,1112.5877685546875
323,0.48380300402641296,0.5119496583938599,0.4236147105693817,280,81653.06050347222,0.9580453316370646,0.6733493804931641,0.23848000632392036,85146.30564236111,1118.1053263346355,77697.359375,0.9596955180168152,0.6440432071685791,0.22919993102550507,80960.4296875,1141.14599609375
324,0.48719851043489243,0.4538324475288391,0.4236147105693817,280,79325.89166666666,0.9551095379723443,0.6706253793504503,0.2476773069964515,82976.0671875,1148.1867431640626,81184.140625,0.9636973142623901,0.6943522691726685,0.2220931500196457,84242.3671875,983.0321655273438
325,0.4937641421953837,0.4597998559474945,0.4236147105693817,280,75930.96371527777,0.9532027668423123,0.6685258958074781,0.2523086965084076,79597.52274305555,1164.4604573567708,57826.30078125,0.9554886817932129,0.6901927590370178,0.23585985600948334,60520.1328125,1030.9481201171875
326,0.48566987646950616,0.503534734249115,0.4236147105693817,280,74061.77083333333,0.9537613497840034,0.672022298971812,0.25045679112275443,77639.92795138889,1154.2418619791667,84178.7890625,0.9616290926933289,0.6492874622344971,0.2237672507762909,87537.6875,1171.3592529296875
327,0.49622880617777504,0.5093656182289124,0.4236147105693817,280,84579.40720486111,0.9565957665443421,0.6632755690150791,0.24505776233143275,88402.78958333333,1183.4864556206596,84007.546875,0.9611254930496216,0.6515709757804871,0.2256103903055191,87405.390625,1177.02099609375
328,0.4887128684255812,0.47976699471473694,0.4236147105693817,280,80445.45607638889,0.9561813897556729,0.6665399697091844,0.24435144596629674,84108.76822916667,1167.4661241319445,67725.8671875,0.9550150036811829,0.6796819567680359,0.24173316359519958,70916.0234375,1123.919921875
329,0.47376262413130865,0.5228282809257507,0.4236147105693817,280,70845.82222222222,0.9534386277198792,0.6816233621703254,0.2504418796963162,74291.4671875,1126.0686957465277,71861.1171875,0.9556604027748108,0.6385378241539001,0.23828403651714325,75195.2421875,1211.04541015625
330,0.4838443954785665,0.4733909070491791,0.4236147105693817,280,78234.1640625,0.9548275497224595,0.6730503294203016,0.2497564716471566,81921.31440972222,1149.2892062717015,73676.7265625,0.9600965976715088,0.6728658676147461,0.22460056841373444,76738.8671875,1143.1781005859375
331,0.4834623224205441,0.5513079762458801,0.4236147105693817,280,72513.87447916667,0.9537165972921583,0.6720179345872667,0.24642561276753744,75971.02109375,1180.303556315104,82238.3203125,0.9547688364982605,0.6183333992958069,0.24261514842510223,86134.2734375,1370.2442626953125
332,0.5034963515069749,0.5012325644493103,0.4236147105693817,280,75950.64383680555,0.9520690123240153,0.6601332465807597,0.25332076615757415,79762.04947916667,1259.5620415581598,74980.2265625,0.9580077528953552,0.655151903629303,0.2336052507162094,78266.828125,1157.2274169921875
333,0.49136450290679934,0.466879665851593,0.4236147105693817,280,82053.38611111112,0.9566929048962063,0.6676093856493632,0.24261629515224034,85753.93923611111,1188.791566297743,73325.0625,0.9619572162628174,0.6761103868484497,0.22174106538295746,76224.8671875,1032.077880859375
334,0.47714864942762586,0.5467615723609924,0.4236147105693817,280,72301.71753472222,0.9533467650413513,0.675643171204461,0.24783353010813394,75778.67239583333,1180.109708658854,96099.5390625,0.9597181677818298,0.6188331842422485,0.23207280039787292,100133.0859375,1340.2413330078125
335,0.48293774922688804,0.5017097592353821,0.4236147105693817,280,80984.92395833334,0.954884394009908,0.6726136300298903,0.24937002725071378,84764.85,1184.6948703342014,73644.34375,0.9558741450309753,0.6485499739646912,0.23831836879253387,77043.9765625,1221.6947021484375
336,0.48518557482295566,0.48324546217918396,0.4236147105693817,280,74385.3412326389,0.9527252859539456,0.6713660650783115,0.24944513307677374,77947.6734375,1202.845081922743,71027.75,0.9528504610061646,0.675487756729126,0.24811787903308868,74542.390625,1224.5960693359375
337,0.48018647366099887,0.5212278962135315,0.4236147105693817,280,78545.33263888888,0.9549931155310737,0.6751949416266547,0.24624895188543533,82159.57239583334,1176.0553385416667,76777.1953125,0.9588574767112732,0.6339181065559387,0.22836996614933014,80071.5390625,1224.0052490234375
338,0.49780123697386847,0.4672822952270508,0.4236147105693817,280,74303.12378472222,0.9545610931184557,0.6591881884468926,0.24480640788873037,77821.20295138888,1198.4983561197917,63894.73828125,0.9560108184814453,0.6808578968048096,0.23520618677139282,66834.7421875,1110.2904052734375
339,0.48222339815563625,0.4638899266719818,0.4236147105693817,280,72718.90572916667,0.9536456280284458,0.6723333663410611,0.2456444478697247,76199.52100694444,1209.3121392144096,74063.3359375,0.9595232605934143,0.6842674612998962,0.2295389622449875,77187.640625,1094.3438720703125
340,0.48326290448506676,0.5149375796318054,0.4236147105693817,280,73973.37482638888,0.9538378609551323,0.6705388214853075,0.2477945029735565,77534.703125,1190.0985134548612,83393.7109375,0.95919269323349,0.6416036486625671,0.23062936961650848,86941.5625,1239.738525390625
341,0.48691382077005174,0.5063881278038025,0.4236147105693817,280,78663.18194444444,0.9540156112776862,0.6714884784486559,0.248232458697425,82396.71579861111,1225.9088677300347,88792.203125,0.961610734462738,0.6511830687522888,0.2213827669620514,92336.953125,1296.352294921875
342,0.5018281777699788,0.5134184956550598,0.4236147105693817,280,84014.93454861111,0.9550052523612976,0.657958988348643,0.24605069756507875,87964.93003472222,1288.0866509331597,82154.7109375,0.9497888684272766,0.658795177936554,0.26844027638435364,86497.8671875,1260.0731201171875
343,0.48082405262523226,0.5061443448066711,0.4236147105693817,280,71221.94253472223,0.9538275467024909,0.6723539299435086,0.24341950482792324,74657.7798611111,1237.7866590711806,85988.890625,0.9600369334220886,0.6449918746948242,0.23109962046146393,89568.3125,1189.3104248046875
344,0.488309414519204,0.5050271153450012,0.4236147105693817,280,74840.86041666666,0.9533072921964857,0.6679171337021722,0.24746846788459353,78444.26840277777,1236.495814344618,101009.0859375,0.962498664855957,0.6492862701416016,0.22510577738285065,104944.6484375,1280.490478515625
345,0.487922074397405,0.5115529894828796,0.4236147105693817,280,76449.72048611111,0.95297239224116,0.669311703575982,0.24746920963128408,80103.82777777778,1257.291455078125,101204.0859375,0.9654516577720642,0.6403664946556091,0.21532751619815826,104825.640625,1194.15087890625
346,0.48171500166257225,0.5005119442939758,0.4236147105693817,280,70809.98619791666,0.95003971391254,0.6757696787516276,0.25769714646869235,74492.10815972222,1229.9335286458333,97417.5859375,0.9688087105751038,0.6464786529541016,0.19457700848579407,100553.9921875,1283.759033203125
347,0.4955069979031881,0.5009603500366211,0.4236147105693817,280,82071.5560763889,0.9548857092857361,0.6601000613636441,0.2451635095808241,85907.64479166667,1275.1630723741318,84088.7421875,0.9620118737220764,0.640739381313324,0.22161979973316193,87409.2578125,1180.8153076171875
348,0.4758115635977851,0.5032331347465515,0.4236147105693817,280,70398.6654513889,0.9500426451365153,0.6799078424771626,0.25698613855573865,74062.32604166666,1239.206724717882,71427.21875,0.9551259875297546,0.6509706974029541,0.23978909850120544,74783.03125,1216.7030029296875
349,0.49337799549102784,0.47612816095352173,0.4236147105693817,280,75417.49392361111,0.9510560499297248,0.6655139406522115,0.25334270695845285,79202.75989583334,1291.9865478515626,59014.96484375,0.9486651420593262,0.6780471801757812,0.25222399830818176,62208.42578125,1245.758056640625
350,0.4834887809223599,0.4669919013977051,0.4236147105693817,280,74819.58680555556,0.9522208187315199,0.6739506019486321,0.2503978865014182,78475.11927083334,1249.1994873046874,85550.640625,0.9683915972709656,0.680356502532959,0.1919490247964859,88343.0234375,1263.734619140625
351,0.5106395761171977,0.5697752833366394,0.4236147105693817,280,84052.73229166666,0.9552748176786635,0.6507172783215841,0.2416971723238627,87953.39479166667,1358.2635470920138,107598.1171875,0.9612554311752319,0.5969457626342773,0.22437141835689545,111934.9921875,1527.7503662109375
352,0.48360617094569736,0.4801218509674072,0.4236147105693817,280,79645.57708333334,0.9546712954839071,0.6738449348343744,0.24469855659537845,83385.80381944444,1260.7306830512152,71192.1328125,0.9593056440353394,0.6628347635269165,0.22438283264636993,74212.1484375,1182.052490234375
353,0.4920648800002204,0.5176660418510437,0.4236147105693817,280,83509.059375,0.9553323348363241,0.6629973120159574,0.24475547538863288,87411.42447916667,1282.8666205512152,93611.9921875,0.9559593796730042,0.6383638381958008,0.24447710812091827,97924.65625,1390.7435302734375
354,0.49470550351672704,0.4894569516181946,0.4236147105693817,280,78917.75694444444,0.9532954626613193,0.6624857372707791,0.2452587518427107,82677.56527777777,1329.2595296223958,67453.875,0.9537110924720764,0.6621953845024109,0.24059012532234192,70727.7890625,1251.6644287109375
355,0.49035137626859876,0.4494227468967438,0.4236147105693817,280,76075.53368055556,0.9519336263338725,0.6673945334222582,0.2521525316768222,79879.59913194444,1291.3851942274305,50883.7578125,0.942333996295929,0.7046759724617004,0.2669268548488617,53997.58203125,1222.1153564453125
356,0.47022340496381126,0.4712549149990082,0.4236147105693817,280,72826.55086805555,0.9518642928865221,0.6793964743614197,0.25037506222724915,76430.05277777778,1246.437611219618,63714.9140625,0.9517208337783813,0.6762370467185974,0.24690863490104675,66947.0625,1208.87841796875
357,0.4844887263245053,0.4819355010986328,0.4236147105693817,280,70932.91059027778,0.9491132153405084,0.672229368156857,0.25578709112273323,74665.25147569444,1327.134410264757,95542.75,0.9647469520568848,0.6606891751289368,0.21357490122318268,99034.0,1239.073974609375
358,0.4886549744341109,0.44849473237991333,0.4236147105693817,280,77336.64565972223,0.9527997202343411,0.6675621483061048,0.24688056310017903,81105.68923611111,1329.1530110677083,73644.6015625,0.9601154923439026,0.6932705044746399,0.22928859293460846,76703.8984375,1044.5238037109375
359,0.46850444608264497,0.4928304851055145,0.4236147105693817,280,71061.25711805555,0.9520861294534472,0.6828964246643914,0.2466524981790119,74607.59583333334,1303.5604600694444,75975.4296875,0.9487641453742981,0.6687945127487183,0.26149940490722656,80078.3125,1368.4605712890625
360,0.476422690682941,0.5258205533027649,0.4236147105693817,280,77479.73524305556,0.9520427028338114,0.6779489066865709,0.2541172338856591,81390.04791666666,1281.0210503472222,98390.5546875,0.9602931141853333,0.6337093710899353,0.22889187932014465,102458.875,1387.8128662109375
361,0.47396791179974873,0.4839402139186859,0.4236147105693817,280,73322.32395833333,0.9490251686837938,0.6799816793865627,0.2576045917140113,77101.72673611112,1300.594376627604,78598.8125,0.9581658244132996,0.6613345146179199,0.2291051298379898,82030.4921875,1303.2977294921875
362,0.48496760527292887,0.5202009677886963,0.4236147105693817,280,73716.24114583334,0.9500899314880371,0.671951080693139,0.2544674873352051,77541.0234375,1340.6122043185765,79263.234375,0.9500294327735901,0.64204341173172,0.2611069679260254,83432.3984375,1329.9403076171875
363,0.4709293100568983,0.5132727026939392,0.4236147105693817,280,69663.99956597222,0.9483742607964409,0.6814320378833347,0.2592597504456838,73356.15138888889,1280.4672526041666,96307.7421875,0.9650593996047974,0.6370248794555664,0.20900613069534302,99794.625,1333.458984375
364,0.4870468556880951,0.49597254395484924,0.4236147105693817,280,82250.86111111111,0.9533612741364373,0.6661450372801887,0.24590257008870442,86124.63072916666,1340.8494032118056,70265.5625,0.9519748687744141,0.6579216122627258,0.2509002983570099,73810.3125,1224.451416015625
365,0.4822885102695889,0.4865376055240631,0.4236147105693817,280,81550.67552083333,0.9530646787749396,0.6723263515366449,0.25003367397520276,85553.534375,1340.4433159722223,80994.703125,0.955578088760376,0.6608678102493286,0.2479202300310135,84759.8984375,1168.7247314453125
366,0.4869003282652961,0.4954891800880432,0.4236147105693817,280,74800.06145833334,0.9528614640235901,0.6663250274128384,0.24424931009610493,78473.15625,1357.846790907118,89432.6171875,0.9603097438812256,0.6596514582633972,0.22651910781860352,93128.9296875,1314.17041015625
367,0.4958495729499393,0.5207391381263733,0.4236147105693817,280,77683.96163194445,0.9493289086553786,0.6635441131061978,0.25940005448129444,81817.31579861112,1388.875843641493,73058.96875,0.9494585990905762,0.6429433226585388,0.25228315591812134,76948.03125,1463.2000732421875
368,0.4632367789745331,0.44943562150001526,0.4236147105693817,280,73204.78315972222,0.9511552638477749,0.6870279656516181,0.24886747234397463,76754.07760416667,1275.9694851345487,59225.25,0.9474461078643799,0.7016899585723877,0.2604237198829651,62510.4140625,1172.7093505859375
369,0.4656814999050564,0.48142728209495544,0.4236147105693817,280,72358.54739583333,0.9509721981154547,0.6845347709125943,0.25391941004329255,76088.68472222223,1277.5405246310763,73602.5390625,0.95487380027771,0.668270468711853,0.23709966242313385,77080.90625,1341.7630615234375
370,0.503510582447052,0.49974820017814636,0.4236147105693817,280,81286.96302083334,0.9497393859757317,0.6575663818253411,0.2572241723537445,85531.31805555556,1447.261873372396,80553.8359375,0.9562512636184692,0.6489371061325073,0.23429885506629944,84239.1953125,1397.3565673828125
371,0.4790970504283905,0.45736509561538696,0.4236147105693817,280,78896.61440972223,0.9534845246209038,0.6743232647577921,0.24440909690327114,82708.17361111111,1371.4938042534723,68534.3828125,0.9514792561531067,0.6866867542266846,0.25128358602523804,72029.296875,1224.7109375
372,0.48678927024205526,0.504848301410675,0.4236147105693817,280,82389.28888888888,0.9540216777059767,0.6660845266448127,0.24328413241439395,86304.93715277778,1400.672007921007,95644.8515625,0.9600510597229004,0.6481002569198608,0.22843216359615326,99624.7578125,1386.2586669921875
373,0.46876448525322806,0.5171909332275391,0.4236147105693817,280,76077.46788194444,0.9493877437379625,0.6839469658003913,0.2585599813196394,80092.90173611112,1362.0144694010417,68958.828125,0.9535786509513855,0.6386841535568237,0.23405198752880096,72315.828125,1473.72216796875
374,0.47313980062802635,0.4424993693828583,0.4236147105693817,280,75463.5921875,0.9519613438182407,0.6775029924180772,0.24850214289294348,79238.08211805555,1354.9626139322916,61375.83203125,0.9514061212539673,0.7003975510597229,0.24748624861240387,64510.65625,1176.469970703125
375,0.4949661506546868,0.48187723755836487,0.4236147105693817,280,82171.07135416666,0.9534565250078837,0.6607614345020718,0.2457106285625034,86182.8171875,1412.598738606771,64154.01953125,0.9467040300369263,0.6748009324073792,0.2588011920452118,67765.65625,1366.4097900390625
376,0.47454166611035664,0.47288283705711365,0.4236147105693817,280,74038.81649305555,0.9494384633170234,0.6776245845688714,0.2547374943892161,77898.94201388888,1372.810085720486,57423.19921875,0.9537612199783325,0.669956386089325,0.23037321865558624,60207.1015625,1316.3681640625
377,0.4930582430627611,0.47547975182533264,0.4236147105693817,280,82990.9109375,0.952600171830919,0.6619804369078742,0.2476398742861218,87070.60486111112,1441.9173312717014,54393.49609375,0.9416142702102661,0.676793098449707,0.269048810005188,57766.21875,1313.2354736328125
378,0.47196933097309535,0.4798557460308075,0.4236147105693817,280,73117.79010416666,0.9497131758266025,0.6802497572369046,0.25407701134681704,76925.56440972222,1367.5803656684027,76507.5234375,0.9558926820755005,0.6674244403839111,0.23688703775405884,80037.7734375,1297.739013671875
379,0.4954396102163527,0.45598483085632324,0.4236147105693817,280,74818.78107638888,0.9468638088968065,0.6613481826252408,0.2611698382430606,78944.52118055556,1475.0075602213542,81007.71875,0.9586011171340942,0.6791715621948242,0.2329891473054886,84506.1796875,1207.947509765625
380,0.4688790652487013,0.50557541847229,0.4236147105693817,280,84246.01388888889,0.9550783567958407,0.6795986506674024,0.2420316927962833,88185.8373263889,1369.3147759331598,83844.1640625,0.9533427357673645,0.6524910926818848,0.24751001596450806,87947.5546875,1412.9158935546875
381,0.4730932116508484,0.48454323410987854,0.4236147105693817,280,77427.70520833334,0.9488295382923551,0.6798994368977017,0.26101095411512587,81527.74913194444,1375.226961263021,68253.2265625,0.9473532438278198,0.6661105155944824,0.26054272055625916,72046.2265625,1356.5018310546875
382,0.47534888717863294,0.5164899826049805,0.4236147105693817,280,74735.56788194444,0.949596016936832,0.6769392424159579,0.25516857504844664,78669.60121527778,1392.9195529513888,94017.4765625,0.9627689719200134,0.631187379360199,0.20898936688899994,97653.203125,1619.953125
383,0.4950694739818573,0.5230454802513123,0.4236147105693817,280,74184.23116319445,0.9487107091479832,0.6604114691416423,0.25372114910019766,78126.52786458333,1485.1892062717013,81462.8359375,0.9522646069526672,0.6358751654624939,0.25451189279556274,85546.4296875,1316.2288818359375
384,0.47678000926971437,0.48834148049354553,0.4236147105693817,280,75294.45086805556,0.9501235882441202,0.6777484695116679,0.25456788606113856,79228.58472222222,1390.200244140625,72557.375,0.9503861665725708,0.6667054891586304,0.24864685535430908,76345.1484375,1459.656494140625
385,0.4831735452016195,0.5096448063850403,0.4236147105693817,280,76178.36875,0.9503216359350416,0.672355141904619,0.25071328812175325,80080.37309027778,1446.935031467014,84190.8359375,0.9530653357505798,0.6459747552871704,0.25179290771484375,88336.8984375,1347.3316650390625
386,0.4785373542043898,0.48761674761772156,0.4236147105693817,280,67625.41310763889,0.9449146575397915,0.6772374749183655,0.26462767057948644,71489.08602430555,1399.7042751736112,79351.2734375,0.9574476480484009,0.6651569604873657,0.22684574127197266,82877.921875,1459.333984375
387,0.48043231500519645,0.5113760828971863,0.4236147105693817,280,77014.49010416666,0.9516988886727227,0.670904200606876,0.24720222585731083,80874.65260416667,1425.577037217882,100096.28125,0.9520303010940552,0.651480495929718,0.2571897506713867,105139.8046875,1577.0970458984375
388,0.49124107095930314,0.474862664937973,0.4236147105693817,280,76499.1420138889,0.9461684796545241,0.6657560414738125,0.26358127527766756,80733.50225694444,1492.988916015625,69610.890625,0.959106981754303,0.6701826453208923,0.2188374251127243,72578.859375,1327.4859619140625
389,0.4810569392310248,0.47670865058898926,0.4236147105693817,280,73346.50486111111,0.9462854531076219,0.6752919766638014,0.2635331100887722,77502.3453125,1475.2946478949652,80489.8125,0.9565513730049133,0.671386182308197,0.23567359149456024,84145.8359375,1330.7327880859375
390,0.4723168783717685,0.4752523601055145,0.4236147105693817,280,77073.46840277778,0.951416556040446,0.6761848383479648,0.24913440412945217,80992.59722222222,1425.0567003038195,72917.5078125,0.9539207220077515,0.6719011664390564,0.2364034652709961,76439.796875,1444.1707763671875
391,0.48529760705100167,0.46034523844718933,0.4236147105693817,280,77805.00572916666,0.9488083905643887,0.672537338733673,0.25704762273364595,81989.74045138889,1493.0517985026042,52737.05078125,0.9452486038208008,0.6838836669921875,0.25439688563346863,55791.7265625,1334.088623046875
392,0.4851495656702254,0.43624258041381836,0.4236147105693817,280,77662.70520833334,0.9482132686509026,0.6694141149520874,0.25798577864964806,81818.83680555556,1476.7683132595487,75129.703125,0.9667971730232239,0.6928980946540833,0.1988711953163147,77709.890625,1104.848388671875
393,0.4857822941409217,0.48879924416542053,0.4236147105693817,280,75492.98203125,0.94696423874961,0.6708229727215237,0.2607347726821899,79683.44444444444,1510.4666883680557,92519.40625,0.9592295289039612,0.6552984714508057,0.23027490079402924,96451.7890625,1380.605712890625
394,0.4837632788552178,0.5272969603538513,0.4236147105693817,280,84518.33541666667,0.9534825430976019,0.6665531675020854,0.24395415054427252,88581.66059027778,1465.8574734157987,80029.0234375,0.950337290763855,0.6276884078979492,0.2525244355201721,84211.1796875,1508.7552490234375
395,0.46710499193933275,0.5251258015632629,0.4236147105693817,280,67373.55234375,0.9439718458387587,0.6849709894922045,0.2672827078236474,71307.59392361112,1424.978653971354,97407.984375,0.9599524140357971,0.6334640383720398,0.2289397120475769,101471.6796875,1408.2432861328125
396,0.4831268429756165,0.4775422215461731,0.4236147105693817,280,82973.08524305555,0.9496605144606696,0.669381214512719,0.2582219534450107,87341.79288194445,1472.4483289930556,64583.99609375,0.9426498413085938,0.678482711315155,0.2692223787307739,68513.2421875,1466.3828125
397,0.48775606552759804,0.4563767910003662,0.4236147105693817,280,78077.14079861112,0.9483308593432108,0.6666424022780524,0.25703931550184883,82276.36423611111,1519.06494140625,61913.0,0.9537842869758606,0.684909999370575,0.23328156769275665,64913.0,1324.1566162109375
398,0.4789901322788662,0.5113524794578552,0.4236147105693817,280,72711.69722222222,0.9457783328162299,0.6742301530308193,0.2640673862563239,76840.78385416667,1482.1066189236112,72650.1484375,0.9424041509628296,0.6469340920448303,0.27444568276405334,77090.2265625,1540.8153076171875
399,0.47914690838919743,0.49826952815055847,0.4236147105693817,280,74888.30694444444,0.9459743420283,0.675609478685591,0.2645783828364478,79099.80920138888,1481.9270833333333,68620.7109375,0.9524137377738953,0.658006489276886,0.23650000989437103,72049.265625,1521.026123046875
400,0.491455262237125,0.4950888752937317,0.4236147105693817,280,81202.14652777778,0.9508974393208821,0.6622435185644362,0.2486991547875934,85384.83802083334,1567.7428873697916,83519.4375,0.9548206329345703,0.6574071049690247,0.24483205378055573,87471.3359375,1330.8006591796875
401,0.47851488524013097,0.491019070148468,0.4236147105693817,280,71592.31961805555,0.9487849262025622,0.6759317702717251,0.2517007205221388,75443.5376736111,1506.865367296007,65349.7265625,0.9509285688400269,0.6617222428321838,0.2370302528142929,68722.015625,1605.6585693359375
402,0.4766992582215203,0.4771277606487274,0.4236147105693817,280,76577.25607638889,0.9510664410061307,0.6732618000772265,0.24614780743916828,80452.69704861111,1498.3641791449652,73714.3046875,0.9574002027511597,0.6683449745178223,0.2238667756319046,76994.2421875,1450.7305908203125
403,0.4882516774866316,0.49515658617019653,0.4236147105693817,280,72532.9584201389,0.9460776236322191,0.6687151299582588,0.2596302376853095,76645.33628472222,1561.2028157552083,75977.015625,0.9480658769607544,0.651235818862915,0.25661179423332214,80138.9609375,1542.884765625
404,0.4662801848517524,0.4619389474391937,0.4236147105693817,280,72409.7,0.9428228086895413,0.6859665698475308,0.27287110024028355,76697.00520833333,1487.2885145399305,72330.7578125,0.9533804059028625,0.6859545111656189,0.2386970818042755,75867.6796875,1425.414794921875
405,0.4814386487007141,0.4459366798400879,0.4236147105693817,280,75762.04461805556,0.9459211852815416,0.6721268905533685,0.2643287506368425,80040.08203125,1516.6632432725694,70788.5859375,0.9513604044914246,0.6965193152427673,0.2497117519378662,74407.75,1309.2408447265625
406,0.4900413023100959,0.4900661110877991,0.4236147105693817,280,83365.23645833334,0.9523475766181946,0.6609918581114875,0.2444678286711375,87516.8375,1570.9221978081598,57606.57421875,0.9411460161209106,0.6686829924583435,0.26122143864631653,61208.96484375,1656.4906005859375
407,0.470355533891254,0.5172289609909058,0.4236147105693817,280,78635.86371527778,0.9492548081609938,0.6798100921842787,0.2545957552062141,82806.14548611111,1512.3555365668403,99689.171875,0.9592481851577759,0.6346477270126343,0.22953708469867706,103924.2734375,1506.3465576171875
408,0.4868123544587029,0.5318318605422974,0.4236147105693817,280,83061.14305555556,0.9501101851463318,0.6632867111100091,0.2522237691614363,87350.43038194445,1553.8071044921876,115141.3984375,0.9586646556854248,0.6233806610107422,0.23329555988311768,120106.0234375,1699.43359375
409,0.4816628509097629,0.5050047636032104,0.4236147105693817,280,73595.28567708333,0.9459614661004808,0.6696059266726176,0.25948765608999463,77719.30373263889,1572.152370876736,85896.875,0.9529494643211365,0.6477405428886414,0.2475508153438568,90137.9140625,1485.063720703125
410,0.4796857257684072,0.4688180088996887,0.4236147105693817,280,74808.31510416667,0.9464640829298231,0.6736909601423475,0.26054289672109815,79027.87777777777,1553.2650933159723,66830.6640625,0.9524719715118408,0.6825388669967651,0.23573002219200134,70165.4921875,1498.872314453125
411,0.48478614489237465,0.49240341782569885,0.4236147105693817,280,81349.1234375,0.9501943588256836,0.6678201384014554,0.25136336088180544,85593.81979166667,1570.0369601779514,66481.8046875,0.9467743039131165,0.6654108166694641,0.2546159625053406,70219.2734375,1517.5823974609375
412,0.5010092298189799,0.43853959441185,0.4236147105693817,280,85012.46545138888,0.9498164441850451,0.6544146140416464,0.2524345818493101,89500.17934027778,1649.2001356336805,65947.3125,0.9613233208656311,0.6924288868904114,0.20981933176517487,68600.5546875,1283.641845703125
413,0.46728264623218113,0.47021588683128357,0.4236147105693817,280,69741.15833333334,0.9449306726455688,0.6823239313231574,0.26289993325869243,73798.71059027778,1535.8178765190971,70311.4921875,0.946952760219574,0.6730189919471741,0.258807897567749,74250.265625,1472.7398681640625
414,0.4708897809187571,0.483267217874527,0.4236147105693817,280,70405.96909722222,0.9427497665087382,0.6800182316038343,0.26926437748803034,74635.09114583333,1566.325962999132,74806.4140625,0.9477649331092834,0.6661823987960815,0.25856488943099976,78929.2890625,1496.8466796875
415,0.4851532108253903,0.4610537588596344,0.4236147105693817,280,77563.48532986111,0.9456834726863437,0.6689903881814745,0.2633198473188612,81944.75329861112,1590.9854112413195,61278.26953125,0.9429235458374023,0.690429151058197,0.2597019672393799,64987.52734375,1623.127685546875
416,0.48293467230266995,0.4945576786994934,0.4236147105693817,280,70377.04635416667,0.944327179590861,0.6719672640164693,0.2621979455153147,74494.22916666667,1608.1626057942708,71436.125,0.9481767416000366,0.6619769930839539,0.25420597195625305,75340.515625,1500.9388427734375
417,0.49154117239846123,0.4803783595561981,0.4236147105693817,280,82125.48819444445,0.9463392919964261,0.665307797325982,0.2619957192076577,86664.10572916667,1631.8151095920139,68990.21875,0.9491908550262451,0.6702114939689636,0.2481071650981903,72683.1875,1518.0494384765625
418,0.47598221765624155,0.4933600425720215,0.4236147105693817,280,80227.65138888889,0.9491274913152059,0.6744865788353814,0.2528439561525981,84506.8295138889,1610.6832980685763,88429.1484375,0.9582356810569763,0.6523898839950562,0.22563378512859344,92283.296875,1561.65283203125
419,0.49374825292163427,0.5025969743728638,0.4236147105693817,280,88588.75555555556,0.9491549862755669,0.6585037324163648,0.2544484602080451,93154.64739583334,1647.943812391493,95124.515625,0.9563504457473755,0.6515312194824219,0.2329934686422348,99466.171875,1680.6910400390625
420,0.4713744819164276,0.4918086528778076,0.4236147105693817,280,71754.4126736111,0.947354687584771,0.6742188069555495,0.252848963605033,75661.34826388888,1587.5899576822917,84464.0546875,0.9554654359817505,0.6590625643730164,0.23302340507507324,88400.953125,1592.873779296875
421,0.4701871660020616,0.4923011362552643,0.4236147105693817,280,78161.76371527778,0.9487141887346904,0.6756308502621121,0.2542158669895596,82357.46371527777,1571.631627061632,82031.2421875,0.9572374820709229,0.64781653881073,0.22583378851413727,85695.8125,1567.70068359375
422,0.48823366430070664,0.4714045524597168,0.4236147105693817,280,78681.01006944444,0.946596626440684,0.6669705430666606,0.259548764096366,83125.24166666667,1670.9427734375,81082.0546875,0.956396758556366,0.6682409644126892,0.23017631471157074,84778.6796875,1509.0826416015625
423,0.47250544230143227,0.4729171693325043,0.4236147105693817,280,75562.59774305555,0.9450511495272319,0.6788073711925082,0.2624225033654107,79855.08125,1615.2085530598958,82965.6484375,0.9616634845733643,0.6681942939758301,0.20841464400291443,86273.0546875,1620.1737060546875
424,0.46928686565823025,0.452744722366333,0.4236147105693817,280,75370.27647569444,0.9479376369052464,0.6783182660738627,0.2528052164448632,79452.61953125,1615.359814453125,78000.5625,0.9562737941741943,0.685335099697113,0.2355426698923111,81567.1875,1318.6368408203125
425,0.4701092885600196,0.49047526717185974,0.4236147105693817,280,73466.97491319444,0.9473647475242615,0.6796716968218486,0.2532069636715783,77504.10381944444,1628.772398546007,79011.3671875,0.9537422060966492,0.6542015075683594,0.2385561764240265,82843.5234375,1518.8743896484375
426,0.48608466121885513,0.46389350295066833,0.4236147105693817,280,84971.25954861111,0.9497388296657139,0.6665568378236558,0.25096534623040095,89459.51006944444,1701.170011393229,71825.2109375,0.9529697299003601,0.6776044368743896,0.23549184203147888,75369.875,1559.2037353515625
427,0.4729794919490814,0.4707038104534149,0.4236147105693817,280,74799.65199652778,0.9457644104957581,0.6762277616394891,0.258308791451984,78987.44939236112,1643.796248372396,77943.125,0.9554677605628967,0.6706549525260925,0.2313680201768875,81575.8828125,1521.062744140625
428,0.46293716033299764,0.47079727053642273,0.4236147105693817,280,77885.09010416667,0.9481117049853007,0.6849996076689826,0.25527061720689137,82115.48315972222,1593.5865668402778,73555.0859375,0.9516623020172119,0.6739608645439148,0.24297674000263214,77291.1640625,1506.105712890625
429,0.48876084950235155,0.4789496958255768,0.4236147105693817,280,84215.75833333333,0.9483290844493442,0.6648363325330946,0.25612068110042147,88773.03194444445,1680.6147650824653,66570.9765625,0.9434628486633301,0.6654905676841736,0.2654051184654236,70560.25,1535.4593505859375
430,0.48985226021872624,0.5073091387748718,0.4236147105693817,280,85282.55451388888,0.9499323646227519,0.6624230080180697,0.2500809888044993,89713.41579861111,1691.2437744140625,70238.7109375,0.946222722530365,0.6551395654678345,0.2507273852825165,74230.6328125,1793.935546875
431,0.47487673428323535,0.4938192069530487,0.4236147105693817,280,81160.67482638889,0.9476823767026266,0.6729226999812656,0.2572271294063992,85628.30972222223,1668.35859375,82013.40625,0.9522116780281067,0.6525797843933105,0.2436991035938263,86129.3828125,1594.1187744140625
432,0.4909349408414629,0.46916571259498596,0.4236147105693817,280,82776.52135416666,0.9469809571901957,0.6621625105539958,0.2582679020033942,87346.40746527778,1707.3170247395833,68047.625,0.9475746750831604,0.673627495765686,0.25094515085220337,71812.4140625,1582.167236328125
433,0.4762336048814986,0.5541045069694519,0.4236147105693817,280,73592.92482638889,0.9461911373668247,0.674135234620836,0.25655802852577636,77740.11545138889,1660.5970893012152,95918.375,0.9476866722106934,0.6111882925033569,0.2615799009799957,101213.171875,1837.602783203125
434,0.4586914433373345,0.5383767485618591,0.4236147105693817,280,70675.94131944445,0.9440813647376166,0.6876240928967794,0.26414777239163717,74875.6484375,1600.1061062282986,91611.2734375,0.9492158889770508,0.6232056617736816,0.2461829036474228,96512.578125,2092.25830078125
435,0.48327537775039675,0.4931498169898987,0.4236147105693817,280,86021.90260416667,0.9501843717363145,0.6671416163444519,0.24954907099405924,90486.62673611111,1694.5161241319445,68304.140625,0.9375812411308289,0.6652886271476746,0.28410741686820984,72851.4375,1615.8756103515625
436,0.46958431733979117,0.4251197874546051,0.4236147105693817,280,76020.33263888888,0.9455820480982463,0.6801468266381158,0.25788207583957246,80209.11475694444,1654.6888861762152,45702.77734375,0.9486423134803772,0.7071036696434021,0.2364351898431778,48177.0390625,1376.8427734375
437,0.4765060391690996,0.47654396295547485,0.4236147105693817,280,74479.96796875,0.9454643276002672,0.6725751413239374,0.2584109048048655,78708.73324652777,1666.3274603949653,62555.125,0.945810854434967,0.6695130467414856,0.251484215259552,66139.1484375,1617.69677734375
438,0.46708241038852266,0.5044248700141907,0.4236147105693817,280,77561.00677083334,0.9459274967511495,0.6799077153205871,0.25917544530497655,81915.8920138889,1675.4268663194443,86311.2265625,0.9468880295753479,0.6508320569992065,0.2575906813144684,91152.515625,1852.8402099609375
439,0.4855696320533752,0.4773746132850647,0.4236147105693817,280,75632.64479166667,0.9440373924043444,0.6664659023284912,0.2634669856892692,80101.28472222222,1724.6211805555556,83701.46875,0.9528357982635498,0.6695622801780701,0.24159228801727295,87844.5859375,1620.8685302734375
440,0.4672895497745938,0.48158350586891174,0.4236147105693817,280,66447.38125,0.9419531226158142,0.6799896187252469,0.2635124941666921,70509.92065972222,1701.844056532118,83453.6640625,0.9549365043640137,0.6671749353408813,0.23688077926635742,87391.84375,1520.7078857421875
441,0.4659658067756229,0.46931782364845276,0.4236147105693817,280,72810.97621527778,0.9470675733354357,0.6806694255934821,0.2537532753414578,76848.7859375,1636.8639322916667,69342.6640625,0.9465827345848083,0.6780962347984314,0.25086987018585205,73255.7890625,1725.1597900390625
442,0.4733276685078939,0.48046788573265076,0.4236147105693817,280,77037.47673611112,0.947494203514523,0.674955670038859,0.2533605138460795,81298.21371527777,1720.9543023003473,71946.0703125,0.9481003880500793,0.6657577753067017,0.24788877367973328,75884.4453125,1713.155517578125
443,0.451303537024392,0.48359033465385437,0.4236147105693817,280,71794.22699652778,0.9458030290073819,0.6926701929834154,0.25809537834591334,75845.50347222222,1599.872132703993,81885.453125,0.9535354375839233,0.662477433681488,0.23656946420669556,85875.625,1662.9852294921875
444,0.47348026831944784,0.5047609806060791,0.4236147105693817,280,72325.45972222222,0.9411401324801975,0.6773304833306206,0.2712040272023943,76834.56649305555,1726.675439453125,78056.7421875,0.9500119090080261,0.6432270407676697,0.2459593415260315,82163.9609375,1692.110595703125
445,0.4644707673125797,0.4822528064250946,0.4236147105693817,280,65223.59375,0.9419206102689107,0.6819440550274319,0.2648226943280962,69186.18940972222,1628.1510904947916,70957.5390625,0.9413270354270935,0.6669837236404419,0.2691449224948883,75380.328125,1739.0
446,0.4732197119130029,0.5034162402153015,0.4236147105693817,280,73006.91684027777,0.9434078733126322,0.6782971170213488,0.263537116183175,77347.58975694445,1721.9754421657985,92376.0234375,0.9647220373153687,0.6404879093170166,0.19811390340328217,95754.03125,1751.640869140625
447,0.49315207401911415,0.4870609939098358,0.4236147105693817,280,84639.64166666666,0.9458786434597439,0.6626222954856025,0.2612723343902164,89427.38229166667,1789.8552327473958,63972.96484375,0.9368559122085571,0.6691357493400574,0.2760261595249176,68284.7421875,1788.8172607421875
448,0.46491239335801865,0.5008571743965149,0.4236147105693817,280,70038.53402777777,0.943057303958469,0.6818633211983575,0.2637289782365163,74183.96215277778,1658.195578342014,78807.203125,0.95221346616745,0.6466026902198792,0.24012267589569092,82762.1171875,1641.0262451171875
449,0.47279027899106346,0.4965670704841614,0.4236147105693817,280,75725.98637152778,0.9450549006462097,0.6774249527189466,0.2585085140334235,80045.16901041666,1745.9978081597221,70248.640625,0.9451506733894348,0.6545556783676147,0.25335437059402466,74325.3359375,1826.581298828125
450,0.4729977349440257,0.473433256149292,0.4236147105693817,280,74098.61770833333,0.9449205120404561,0.6770603272649977,0.26002350714471606,78371.253125,1710.7223524305555,51983.45703125,0.9373762607574463,0.677898108959198,0.2685437798500061,55456.33984375,1624.8900146484375
451,0.4831656449370914,0.5030447244644165,0.4236147105693817,280,73504.73246527778,0.9421794189347161,0.670665012465583,0.26678599649005463,78000.71840277778,1776.6646592881943,67499.2265625,0.9415301084518433,0.6549496054649353,0.26173916459083557,71690.9921875,1873.4798583984375
452,0.4672738227579329,0.5011844635009766,0.4236147105693817,280,71131.99670138888,0.940035265021854,0.6823611617088318,0.2717828101581997,75584.71796875,1746.0785454644097,88017.75,0.9558709859848022,0.6444827914237976,0.2295331358909607,92081.203125,1731.771484375
453,0.4737950603167216,0.47872287034988403,0.4236147105693817,280,77548.02899305556,0.9439684682422214,0.675920471880171,0.26201903753810457,82023.14930555556,1753.4465928819445,97159.1484375,0.9596439003944397,0.6580432057380676,0.21946793794631958,101245.0,1742.5828857421875
454,0.480518247683843,0.47557011246681213,0.4236147105693817,280,78976.01684027778,0.9456517974535624,0.6702991631295946,0.25631668700112237,83491.62482638888,1859.4689914279513,77265.484375,0.9436155557632446,0.6708241701126099,0.2678084373474121,81882.375,1698.4703369140625
455,0.4601586878299713,0.5257657170295715,0.4236147105693817,280,72916.8484375,0.9418314960267808,0.6870509756935967,0.26833250787523055,77405.17899305555,1749.1826850043403,91996.3359375,0.9566612839698792,0.623538076877594,0.22279421985149384,96163.9609375,1979.8785400390625
456,0.4902744253476461,0.4594334661960602,0.4236147105693817,280,79928.72951388889,0.9444874856207106,0.6618508723047044,0.2612958961062961,84592.84097222223,1846.3505262586805,71534.3515625,0.9504181742668152,0.6813662052154541,0.23905779421329498,75266.1875,1744.3453369140625
457,0.48721237248844573,0.5236572027206421,0.4236147105693817,280,83865.36927083334,0.9472841461499532,0.6647234519322713,0.2548504875765906,88515.12482638888,1831.0341688368055,78399.015625,0.9498472213745117,0.622025191783905,0.2431703358888626,82538.5546875,1819.0452880859375
458,0.48714691864119636,0.4640693664550781,0.4236147105693817,280,77594.18003472222,0.9409998761283027,0.6669856680764092,0.27161532110638087,82448.2421875,1843.5306179470485,81707.4296875,0.9523046016693115,0.6745728850364685,0.23835539817810059,85799.6796875,1752.9390869140625
459,0.4584808773464627,0.5313963294029236,0.4236147105693817,280,70980.09539930556,0.9404392679532368,0.6890610350502862,0.2690661880705092,75365.99175347222,1752.2499321831597,98724.640625,0.9560896158218384,0.6179648637771606,0.22785529494285583,103258.7734375,1978.810546875
460,0.48733677466710407,0.49415072798728943,0.4236147105693817,280,79534.10746527778,0.9424119419521756,0.6660547773043315,0.2670694430669149,84329.50208333334,1852.325745985243,77600.015625,0.944192111492157,0.6627420783042908,0.2610952854156494,82186.6796875,1849.1141357421875
461,0.46410396496454875,0.5102512240409851,0.4236147105693817,280,75311.6546875,0.942892418967353,0.6833242959446377,0.26662652260727354,79863.4625,1750.2753526475694,94623.5234375,0.9471476674079895,0.6478257775306702,0.263056218624115,99903.6640625,1829.470947265625
462,0.4703420705265469,0.49160000681877136,0.4236147105693817,280,70543.27144097222,0.9397814909617106,0.6813175784216987,0.2718538635306888,75047.58411458334,1791.7214870876737,65215.54296875,0.9378917813301086,0.6638520359992981,0.27575141191482544,69534.1875,1731.223876953125
463,0.4915710793601142,0.44919824600219727,0.4236147105693817,280,82810.88645833333,0.9438709550433688,0.6612282792727152,0.2622167415089077,87625.08315972223,1906.2381130642361,73229.9609375,0.9553302526473999,0.688694417476654,0.23074963688850403,76654.078125,1463.814697265625
464,0.46219984425438776,0.4824138581752777,0.4236147105693817,280,76979.32222222222,0.9465472671720717,0.6855505956543817,0.254679403702418,81261.86302083333,1751.7647786458333,81807.3984375,0.9525989890098572,0.6586946249008179,0.24171599745750427,85878.109375,1606.5390625
465,0.4655693272749583,0.4489935040473938,0.4236147105693817,280,71541.02760416667,0.9446776721212599,0.6808157589700486,0.25647222366597916,75689.57586805556,1781.4037407769097,64597.5,0.9438375234603882,0.6920180320739746,0.2557313144207001,68441.3359375,1745.8714599609375
466,0.48044818374845716,0.41639915108680725,0.41639915108680725,466,76432.26319444444,0.9425583097669813,0.6720896164576212,0.2630815413263109,81032.23177083333,1905.9359130859375,64636.86328125,0.9424039125442505,0.7162820100784302,0.2684360146522522,68587.21875,1507.25390625
467,0.4687489198313819,0.5133533477783203,0.41639915108680725,466,77007.31171875,0.9433399332894219,0.6781381885210673,0.2638477908240424,81591.93142361111,1815.8540174696182,71231.1796875,0.9455991387367249,0.6398721933364868,0.24928005039691925,75329.1484375,1960.752197265625
468,0.4739952954981062,0.45865175127983093,0.41639915108680725,466,79754.19861111112,0.9460143751568264,0.6737789220280117,0.2557746410369873,84248.85329861111,1835.0746609157986,58927.4140625,0.9438287019729614,0.687630832195282,0.2520778775215149,62434.4375,1725.5865478515625
469,0.46960811879899766,0.49631330370903015,0.41639915108680725,466,69845.63741319445,0.9394670552677579,0.6797879046863979,0.26915921171506246,74270.25347222222,1858.430357530382,73230.5234375,0.9493818283081055,0.6552816033363342,0.24013063311576843,77134.953125,1884.586181640625
470,0.47832521928681265,0.4710366427898407,0.41639915108680725,466,78711.56996527778,0.9451484693421258,0.6716012120246887,0.25659808814525603,83228.13489583334,1886.440763346354,80754.6640625,0.9505261182785034,0.6749123930931091,0.24965661764144897,84957.859375,1578.6881103515625
471,0.4839314063390096,0.44849109649658203,0.41639915108680725,466,83289.98003472222,0.9461052656173706,0.6671183705329895,0.25681980815198685,88004.25746527778,1892.7403049045138,55798.08203125,0.9445995688438416,0.6925093531608582,0.2464306801557541,59070.62109375,1778.832275390625
472,0.47422369519869484,0.4671236574649811,0.41639915108680725,466,78290.70225694444,0.9453859117296007,0.6724367234441969,0.2571178565422694,82809.67534722222,1856.9446804470485,54047.42578125,0.9348030090332031,0.6764057278633118,0.2705429494380951,57816.9140625,1899.9866943359375
473,0.46916600399547154,0.4884812831878662,0.41639915108680725,466,69597.07309027777,0.9393208596441481,0.6801286962297227,0.2683063454098172,73955.05364583334,1860.5994113498264,111724.3359375,0.962410032749176,0.6484495997428894,0.2141372263431549,116088.0859375,1764.4315185546875
474,0.48010088205337526,0.4607849717140198,0.41639915108680725,466,73262.03489583333,0.9377234803305732,0.6715891824828254,0.27593974934683907,78073.96145833333,1933.484375,82050.3515625,0.9519253373146057,0.6861696243286133,0.24437740445137024,86194.1015625,1606.2890625
475,0.47902844349543255,0.4926398694515228,0.41639915108680725,466,86198.35052083334,0.9464966389867995,0.6690563665495979,0.25559576816029017,90980.65711805556,1912.7173041449653,71279.578125,0.9469707608222961,0.6488134264945984,0.24754835665225983,75271.1484375,1850.9110107421875
476,0.46876951853434246,0.4895782470703125,0.41639915108680725,466,81372.98663194444,0.945537288983663,0.6785695830980937,0.2582299960984124,86027.6236111111,1866.4909098307292,73983.890625,0.9409576654434204,0.6568540334701538,0.26569047570228577,78626.1640625,1970.751220703125
477,0.48282285862498814,0.5008703470230103,0.41639915108680725,466,74431.05,0.9396180351575215,0.6682903740141127,0.2718024035294851,79245.58315972223,1921.365128580729,80912.2109375,0.9390454292297363,0.655508816242218,0.27624890208244324,86164.3203125,2001.028564453125
478,0.4691751658916473,0.4531080424785614,0.41639915108680725,466,76725.4701388889,0.9428944600952996,0.6776020288467407,0.26330072813563876,81359.3529513889,1894.6877848307292,57269.98828125,0.9435982704162598,0.6856686472892761,0.25171634554862976,60693.1875,1720.9749755859375
479,0.4667808108859592,0.5126855969429016,0.41639915108680725,466,68467.95078125,0.9383330901463827,0.6835221568743388,0.2729876988463932,72948.97534722222,1844.940456814236,85935.390625,0.9495406746864319,0.6392417550086975,0.2418546974658966,90502.0625,2099.65478515625
480,0.4736657480398814,0.515550434589386,0.41639915108680725,466,76791.34340277778,0.9395675672425164,0.6777699497010973,0.27171110510826113,81663.70295138888,1926.3799343532987,60045.23046875,0.9408639073371887,0.6438820958137512,0.2598615288734436,63819.25,1808.0003662109375
481,0.4810860104031033,0.5200123190879822,0.41639915108680725,466,75055.77690972222,0.9418489244249132,0.6694459093941583,0.2647799240218269,79639.5796875,1898.348353407118,83742.5546875,0.9467820525169373,0.6372391581535339,0.25051331520080566,88449.6640625,2070.24755859375
482,0.4804079168372684,0.4466894268989563,0.41639915108680725,466,74420.1640625,0.9409620338016086,0.6717923707432217,0.2654964804649353,79064.09305555555,1978.7833306206596,77035.0625,0.9476792812347412,0.6945891976356506,0.25104662775993347,81288.1171875,1771.593017578125
483,0.4784410920408037,0.4198685586452484,0.41639915108680725,466,73549.49322916666,0.9388489842414856,0.6746766832139757,0.2717451247904036,78266.76935763888,1946.6699273003471,43437.5,0.9296308159828186,0.7237775921821594,0.27675554156303406,46725.5390625,1832.4090576171875
484,0.47751119004355536,0.4730140268802643,0.41639915108680725,466,78436.39635416666,0.9433256255255805,0.6740699357456631,0.262119593222936,83137.05989583333,1923.607527669271,58201.7265625,0.9327167868614197,0.6784855127334595,0.28536343574523926,62400.21484375,1729.4627685546875
485,0.48700082699457803,0.4872734248638153,0.41639915108680725,466,86503.02881944444,0.9467542237705655,0.6613196108076308,0.25579354763031004,91336.76979166667,1916.298673502604,57708.37109375,0.9357261061668396,0.6681176424026489,0.270561546087265,61672.2890625,1914.945556640625
486,0.4838545342286428,0.5036329627037048,0.41639915108680725,466,83343.25902777778,0.9400024639235602,0.6698339925871954,0.2729434731933806,88583.17465277777,2014.5447998046875,59753.17578125,0.9356297850608826,0.6567193269729614,0.2703317701816559,63864.125,2002.5770263671875
487,0.4724784751733144,0.4900221824645996,0.41639915108680725,466,78418.85842013889,0.9436915040016174,0.6738104965951708,0.2605840563774109,83012.5560763889,1900.058726671007,69562.9375,0.9393430948257446,0.6649956107139587,0.2686070501804352,74054.875,1931.6878662109375
488,0.47286031113730537,0.5288652777671814,0.41639915108680725,466,76352.41302083334,0.9381139675776163,0.6767082532246907,0.2755483223332299,81279.04288194445,1940.3602864583333,99104.2265625,0.9429188370704651,0.6322455406188965,0.2749018967151642,105103.6640625,2030.76171875
489,0.4785562151008182,0.521979033946991,0.41639915108680725,466,74047.23385416667,0.9395335250430636,0.6715570780966017,0.26924196845955317,78750.74097222222,1960.2572482638889,85250.3671875,0.9416242837905884,0.636491596698761,0.2634057402610779,90535.4375,2275.977783203125
490,0.48287416034274633,0.4646990895271301,0.41639915108680725,466,74050.29565972222,0.9385373804304334,0.670249593257904,0.2704363591141171,78824.059375,2026.0486328125,64159.92578125,0.9398733377456665,0.6835689544677734,0.26665112376213074,68264.4375,1789.565673828125
491,0.4784413125779894,0.4635734260082245,0.41639915108680725,466,73724.08637152778,0.9396782040596008,0.6714340766270955,0.2669407043192122,78377.45095486111,2013.1170383029514,66193.2734375,0.9449255466461182,0.679297924041748,0.2515915334224701,70051.3125,1815.5601806640625
492,0.4833918677435981,0.45548877120018005,0.41639915108680725,466,73396.30451388888,0.9381525172127618,0.6675398005379571,0.271672299835417,78218.50555555556,2050.076478407118,68649.3359375,0.9398641586303711,0.685365617275238,0.27004626393318176,73041.765625,1800.2513427734375
493,0.46508890721533036,0.4990958273410797,0.41639915108680725,466,70682.44513888888,0.9392669068442451,0.6820492108662923,0.26848588784535726,75231.87526041667,1958.888978407118,63532.25,0.9354001879692078,0.6565886735916138,0.27568066120147705,67919.859375,1939.2991943359375
494,0.4757162484857771,0.4699799716472626,0.41639915108680725,466,82659.81371527778,0.9424294100867378,0.6730020801226299,0.2652968386809031,87656.54565972222,1993.8248046875,83004.0625,0.9482218027114868,0.6733572483062744,0.24925562739372253,87536.546875,1906.0396728515625
495,0.4829333676232232,0.4791225492954254,0.41639915108680725,466,88824.80121527778,0.9448672400580512,0.6665857659445868,0.26059918403625487,93973.3859375,2023.2313313802083,68934.0546875,0.9391301870346069,0.6665201187133789,0.26702195405960083,73402.0234375,1996.5257568359375
496,0.46606084638171724,0.49507829546928406,0.41639915108680725,466,71655.94930555555,0.9393329487906562,0.6808035943243239,0.26901312470436095,76242.03072916667,1948.7631917317708,71046.7265625,0.9517395496368408,0.653243362903595,0.23571279644966125,74649.3359375,1685.8948974609375
497,0.459621489710278,0.47934457659721375,0.41639915108680725,466,71876.84045138888,0.9417007697953118,0.6833119432131449,0.26337634325027465,76259.32899305556,1862.9229546440972,65817.453125,0.9403371810913086,0.6687881350517273,0.26156362891197205,69993.4609375,1976.8226318359375
498,0.486085526810752,0.4873676896095276,0.41639915108680725,466,81869.69262152778,0.9415646314620971,0.6636403971248203,0.26356537342071534,86786.85572916667,2079.9171847873263,80715.609375,0.9485801458358765,0.6639009118080139,0.24723902344703674,85090.9765625,1882.8623046875
499,0.48289534118440414,0.48453083634376526,0.41639915108680725,466,74989.35052083334,0.9373857723342047,0.6682674288749695,0.274623394674725,79936.27239583334,2053.14013671875,57887.33984375,0.9202504754066467,0.6702529191970825,0.3141442537307739,62903.89453125,1961.427001953125
500,0.47568556666374207,0.46867305040359497,0.41639915108680725,466,73827.53072916667,0.9380794419182672,0.6746341824531555,0.27187510861290826,78659.27569444444,2053.9103108723957,74048.875,0.9416579008102417,0.6690616011619568,0.2655574083328247,78636.703125,1896.0765380859375
501,0.4749875982602437,0.47107693552970886,0.41639915108680725,466,77073.31805555556,0.9412545204162598,0.6742156439357334,0.26579225891166264,81868.39774305555,2011.245090060764,80234.7421875,0.9525012969970703,0.6694080233573914,0.23325297236442566,84235.8359375,1899.938720703125
502,0.47478658888075087,0.4852721393108368,0.41639915108680725,466,82817.88663194445,0.9425545295079549,0.6748666670587328,0.26563770439889695,87763.69288194444,1950.3538004557292,63054.3203125,0.9259757995605469,0.6778380870819092,0.30036184191703796,68095.0,2042.6849365234375
503,0.46765501234266493,0.5075032114982605,0.41639915108680725,466,80746.03871527778,0.942981051074134,0.6788364383909438,0.26258478396468693,85575.175,1990.7453070746528,97609.390625,0.9523344039916992,0.6436359286308289,0.24505069851875305,102494.8671875,1834.18359375
504,0.4797297795613607,0.49426063895225525,0.41639915108680725,466,79221.45989583334,0.9426495618290371,0.669398057460785,0.26149704655011496,84001.04739583333,2036.7812120225694,88372.3359375,0.9519661068916321,0.644631564617157,0.23425692319869995,92831.390625,2133.147216796875
505,0.47865083151393467,0.5345537066459656,0.41639915108680725,466,77899.8736111111,0.9420923564169142,0.6686581585142347,0.2619142754210366,82639.06649305555,2053.407267252604,69814.6484375,0.9302024245262146,0.6301724314689636,0.28760671615600586,75053.1796875,2272.46484375
506,0.4839484526051415,0.4507867991924286,0.41639915108680725,466,80921.98038194445,0.9375517964363098,0.6697073976198832,0.2772815253999498,86226.6890625,2086.3260362413193,77294.0546875,0.9500737190246582,0.6827991604804993,0.2451399862766266,81355.8515625,1695.0933837890625
507,0.4708606203397115,0.4690946638584137,0.41639915108680725,466,76334.68940972222,0.9423254569371541,0.6769683188862271,0.26102762950791253,81002.61302083333,2044.4643012152778,54080.44921875,0.9373274445533752,0.6738832592964172,0.2633698582649231,57696.43359375,1903.174072265625
508,0.47634737292925516,0.4755737781524658,0.41639915108680725,466,77493.4322048611,0.9419904920789931,0.6721830394532945,0.26170392102665374,82211.46197916666,2052.35471733941,63592.6328125,0.9477941393852234,0.6662344336509705,0.2358892410993576,67095.40625,2110.63427734375
509,0.47268930739826626,0.49410876631736755,0.41639915108680725,466,77593.58680555556,0.9409576296806336,0.6708367718590631,0.26325857440630596,82397.51006944444,2124.795187717014,76744.0625,0.9411195516586304,0.6595112085342407,0.26647961139678955,81545.5,1993.41796875
510,0.4666314098570082,0.4771474003791809,0.41639915108680725,466,75609.65625,0.9387713021702236,0.6801665478282505,0.2713640835550096,80469.67534722222,2023.3014431423612,97452.640625,0.9508029222488403,0.6676328778266907,0.25078558921813965,102495.1015625,1834.3076171875
511,0.4769805047247145,0.4724915027618408,0.41639915108680725,466,80116.20989583334,0.942758399910397,0.6722798307736715,0.2607153511709637,84960.1359375,2089.751177300347,62243.04296875,0.9334467053413391,0.6758189797401428,0.27924031019210815,66680.875,1981.741455078125
512,0.48500706553459166,0.4608088433742523,0.41639915108680725,466,88000.85954861112,0.9424152851104737,0.6655266020033095,0.26530316803190446,93344.97534722222,2144.1066080729165,77930.4921875,0.9542649984359741,0.6768426299095154,0.22933438420295715,81665.4609375,1754.5316162109375
513,0.46299192044470044,0.5199063420295715,0.41639915108680725,466,78731.4171875,0.944189461072286,0.6783623072836135,0.2567297955354055,83352.49010416666,2017.6719184027777,93547.2421875,0.9550761580467224,0.6278123259544373,0.22477377951145172,97947.4140625,2203.322265625
514,0.47161619000964694,0.4882560670375824,0.41639915108680725,466,73422.94496527778,0.9383550312783983,0.675722230805291,0.27083336379792955,78207.61909722222,2047.8236382378473,81582.1640625,0.9469805359840393,0.6632208228111267,0.2461797446012497,86149.78125,2181.4921875
515,0.46469392710261875,0.45382872223854065,0.41639915108680725,466,74648.54114583334,0.936877633465661,0.6837097432878282,0.27264975176917183,79534.92378472222,2106.371275499132,68471.453125,0.9395180940628052,0.6871094107627869,0.2698310613632202,72879.3359375,1840.260009765625
516,0.481128638320499,0.4725866913795471,0.41639915108680725,466,70323.04288194445,0.9321617007255554,0.6722954246732924,0.2835593044757843,75386.22222222222,2177.471120876736,107493.8046875,0.9580272436141968,0.6614747047424316,0.22376586496829987,112203.2890625,2009.8114013671875
517,0.4844984319474962,0.4765736162662506,0.41639915108680725,466,81512.51440972222,0.9408694293763903,0.6653445283571879,0.26439438660939535,86563.14149305556,2192.716189236111,65159.33984375,0.9352393746376038,0.6730650067329407,0.2727057635784149,69671.296875,2127.236083984375
518,0.4754861725701226,0.47014331817626953,0.41639915108680725,466,72987.49331597223,0.9375917275746664,0.6738449520534939,0.2703444176250034,77737.778125,2105.276101345486,70594.375,0.9476589560508728,0.6711935997009277,0.24450048804283142,74493.4375,1866.8876953125
519,0.4676099525557624,0.4948711097240448,0.41639915108680725,466,79115.63489583334,0.9458613091044956,0.6750466863314311,0.2512139969401889,83584.74331597223,2028.6924777560764,59507.04296875,0.9357483386993408,0.6585254073143005,0.2656744420528412,63593.0,2204.82861328125
520,0.47490688363711037,0.5467244982719421,0.41639915108680725,466,76797.7915798611,0.9375629358821445,0.6755297011799283,0.2745604077974955,81884.26137152778,2102.4251925998265,115997.5625,0.9530285000801086,0.6067034006118774,0.2380601167678833,121714.6875,2375.634033203125
521,0.4699372304810418,0.5023304224014282,0.41639915108680725,466,74853.72899305556,0.9388006925582886,0.676738981405894,0.2692283716466692,79681.48645833334,2088.253597005208,94697.5234375,0.9527438282966614,0.6451457738876343,0.23705613613128662,99394.53125,2018.9989013671875
522,0.46539945271280075,0.4682818055152893,0.41639915108680725,466,72896.03663194444,0.9387134869893392,0.6797872636053297,0.2681711925400628,77641.29097222222,2113.625168185764,76169.8828125,0.9421728253364563,0.6739113330841064,0.2611970007419586,80844.9140625,2050.0859375
523,0.46280132929484047,0.46193334460258484,0.41639915108680725,466,69375.30876736112,0.9377894004185995,0.6824271241823833,0.26738373902108936,73934.06085069444,2132.035009765625,57092.07421875,0.9392826557159424,0.6835149526596069,0.2597111761569977,60782.6328125,1919.0789794921875
524,0.4681797775957319,0.4839336574077606,0.41639915108680725,466,78347.65980902778,0.9380343635876973,0.6806710865762499,0.2738046255376604,83446.83272569445,2091.1181396484376,77470.4609375,0.9490934014320374,0.657909095287323,0.23531708121299744,81625.75,2319.39208984375
525,0.4649779114458296,0.4859521985054016,0.41639915108680725,466,70702.85911458333,0.9362196193801032,0.6809176802635193,0.2724658826986949,75398.86944444444,2120.866178385417,71235.9609375,0.9422443509101868,0.6639315485954285,0.26098620891571045,75602.4296875,1918.4071044921875
526,0.46675054166052077,0.5089611411094666,0.41639915108680725,466,67577.32100694445,0.9324375443988376,0.6815629257096185,0.2820323897732629,72352.35972222222,2076.4523464626736,73516.953125,0.9406756162643433,0.6472494006156921,0.2584439218044281,78153.3515625,2315.821044921875
527,0.47887045012580026,0.46184635162353516,0.41639915108680725,466,84235.23385416667,0.9438045581181844,0.6676087525155809,0.2583941274219089,89221.37065972222,2155.3760687934027,78804.8671875,0.9438596963882446,0.6803925037384033,0.2587655186653137,83492.140625,2001.897705078125
528,0.4714254419008891,0.5393113493919373,0.41639915108680725,466,72881.85434027777,0.9369881351788839,0.6792467527919346,0.27350663012928433,77726.93697916667,2107.3888292100696,94370.921875,0.943726122379303,0.6231103539466858,0.26159054040908813,99998.2109375,2290.590576171875
529,0.4699968238671621,0.45306476950645447,0.41639915108680725,466,75966.6185763889,0.9415996829668681,0.6752752449777392,0.2622259560558531,80680.58315972223,2055.259988064236,56029.3125,0.9333279728889465,0.6910571455955505,0.2761179506778717,60031.75,1913.9544677734375
530,0.4712567494975196,0.4363096356391907,0.41639915108680725,466,79393.63645833333,0.9396914654307895,0.6750993344518873,0.2682206882370843,84484.63454861111,2167.0113172743054,78117.3671875,0.957464873790741,0.6944505572319031,0.21854574978351593,81587.7109375,1745.1478271484375
531,0.4633035878340403,0.45474526286125183,0.41639915108680725,466,74371.29878472222,0.9411511977513631,0.6799151168929206,0.26169102523061966,78983.76276041666,2086.359979926215,60179.46484375,0.933591365814209,0.6890096664428711,0.2747214734554291,64460.17578125,2078.92919921875
532,0.47849396665891014,0.4469442069530487,0.41639915108680725,466,74112.0046875,0.9357468366622925,0.672213986184862,0.275019911924998,79132.44791666667,2215.0425889756943,77132.0859375,0.9523769617080688,0.6857503652572632,0.23235341906547546,80989.03125,1885.505859375
533,0.46184680925475224,0.5261491537094116,0.41639915108680725,466,75949.35381944444,0.9393244571155972,0.6827273607254029,0.268380958504147,80796.93472222223,2083.5196451822917,100397.8046875,0.9446484446525574,0.6337206363677979,0.2559904158115387,106280.6015625,2557.72314453125
534,0.4648924238151974,0.48375940322875977,0.41639915108680725,466,68368.25564236111,0.9354993025461833,0.6814452966054281,0.27395648294025,73051.18472222223,2125.8338324652777,71220.3359375,0.9477101564407349,0.6587711572647095,0.24256651103496552,75149.9140625,1964.857421875
535,0.4736250122388204,0.49278879165649414,0.41639915108680725,466,82050.86319444445,0.943408026960161,0.6716187053256565,0.2581073469585843,86973.52118055556,2168.4842176649304,80776.15625,0.9432355165481567,0.6560872197151184,0.2648889720439911,85637.3125,1905.1927490234375
536,0.4838127745522393,0.4453614354133606,0.41639915108680725,466,79471.96024305555,0.941069119506412,0.6667572895685832,0.26202779478496974,84432.6796875,2250.0540852864583,67699.3671875,0.9447415471076965,0.6910702586174011,0.2517813742160797,71659.140625,1871.9207763671875
537,0.47734346522225274,0.49259254336357117,0.41639915108680725,466,76081.33802083334,0.9368554327223036,0.6711894273757935,0.27224371830622357,81146.54756944445,2240.3770941840276,78292.3359375,0.9478161931037903,0.6531872153282166,0.24109694361686707,82602.8671875,2222.099365234375
538,0.47550754215982227,0.4539945721626282,0.41639915108680725,466,79181.58611111112,0.9370986315939162,0.6722339193026224,0.27288068069352045,84449.84635416667,2263.332009548611,90113.84375,0.950056254863739,0.6898662447929382,0.24311155080795288,94851.0625,2062.726318359375
539,0.46183393398920697,0.495908260345459,0.41639915108680725,466,81087.17847222222,0.9429281738069323,0.6817840139071146,0.2594008710649278,85964.28923611112,2132.121408420139,80764.4609375,0.9447909593582153,0.6532567143440247,0.2520827054977417,85483.9453125,2210.92578125
540,0.46624762813250226,0.516726016998291,0.41639915108680725,466,75938.54305555555,0.9384113351504008,0.6808557762040033,0.2689243621296353,80828.72621527778,2157.937689887153,93135.6640625,0.9528895020484924,0.6392674446105957,0.23222588002681732,97740.2578125,2191.098876953125
541,0.46537135574552746,0.45706912875175476,0.41639915108680725,466,70464.0296875,0.9361723913086786,0.6815841794013977,0.2730644232696957,75257.03697916666,2162.6661268446182,61444.2890625,0.935237467288971,0.6872421503067017,0.2684422433376312,65699.1328125,2201.796142578125
542,0.46895264585812885,0.47822532057762146,0.41639915108680725,466,77171.33246527778,0.9363027162022061,0.6781352361043295,0.2740891959932115,82340.37065972222,2260.073654513889,73055.5546875,0.9437552094459534,0.6639025211334229,0.2523249685764313,77409.4296875,2138.744140625
543,0.4733308169576857,0.5160931944847107,0.41639915108680725,466,76543.81927083334,0.9373408569229974,0.674518452750312,0.2703525543212891,81505.82760416667,2206.2572564019097,100565.1796875,0.9569870829582214,0.6304947137832642,0.2214377373456955,105085.203125,2174.97509765625
544,0.4566153327624003,0.5097635388374329,0.41639915108680725,466,66136.78871527778,0.9332927664120992,0.6881443036927117,0.27886485126283433,70861.34157986111,2134.3536675347223,99977.0625,0.9454200267791748,0.6419334411621094,0.2600463330745697,105748.828125,2251.653076171875
545,0.45291425387064616,0.48836812376976013,0.41639915108680725,466,74492.06979166667,0.939719037214915,0.6887517081366645,0.2657737268341912,79260.84357638888,2129.9588975694446,88700.5234375,0.9367548823356628,0.6628352999687195,0.28267747163772583,94689.1484375,2235.29345703125
546,0.47245747910605534,0.4735174775123596,0.41639915108680725,466,76772.42300347223,0.9373976124657525,0.6764334665404426,0.2713541401757134,81907.67361111111,2268.6428114149307,74247.953125,0.9450609683990479,0.6691526174545288,0.2553768754005432,78564.1953125,1863.957275390625
547,0.46671941743956674,0.49703845381736755,0.41639915108680725,466,73824.61996527777,0.9350215607219272,0.6815125796529982,0.27714526851971943,78939.99982638888,2233.902788628472,72030.6796875,0.9431605339050293,0.6507498621940613,0.2493963986635208,76371.6015625,2371.593017578125
548,0.47266409330897863,0.4866581857204437,0.41639915108680725,466,75031.8484375,0.933772333463033,0.6772998478677538,0.27902332743008934,80283.50607638889,2303.82158203125,72788.84375,0.9364644885063171,0.6617801785469055,0.2680337727069855,77727.2890625,2435.663818359375
549,0.4646279546949599,0.4469543397426605,0.41639915108680725,466,76686.36050347223,0.9392739812533061,0.6784759839375814,0.26510626607471044,81583.43776041667,2233.661417643229,52605.6328125,0.9265881776809692,0.6993491053581238,0.2908475399017334,56773.4765625,1946.1929931640625
550,0.4637011859152052,0.4599860608577728,0.41639915108680725,466,77344.3484375,0.9355863610903422,0.6825057837698195,0.2777759035428365,82623.2046875,2218.5645941840276,67284.8125,0.9374952912330627,0.6882513165473938,0.27171778678894043,71770.828125,1961.5679931640625
551,0.46594259407785205,0.46958810091018677,0.41639915108680725,466,68717.90512152777,0.9337090028656854,0.681362799803416,0.2776436964670817,73566.79305555555,2201.063916015625,75568.65625,0.9472904801368713,0.6702507734298706,0.24266557395458221,79773.4765625,2147.806884765625
552,0.4617428779602051,0.519850492477417,0.41639915108680725,466,70070.19644097223,0.9326912270651924,0.6841411656803555,0.28038662870724995,75056.91319444444,2228.559033203125,69099.2265625,0.9363958835601807,0.6377277374267578,0.26745185256004333,73792.75,2350.546875
553,0.4601901418632931,0.5379632711410522,0.41639915108680725,466,74614.35503472222,0.933173245853848,0.6874707923995124,0.28219031625323826,79877.34166666666,2228.6053548177083,75381.671875,0.9357525110244751,0.6184206008911133,0.2693037688732147,80557.2734375,2563.407470703125
554,0.4761411607265472,0.45659637451171875,0.41639915108680725,466,82560.80633680556,0.9388685782750448,0.6706498675876194,0.2691250430213081,87881.94340277778,2289.3006917317707,62787.65625,0.933190643787384,0.6902181506156921,0.2762039601802826,67282.7734375,2152.820556640625
555,0.4733558886580997,0.5285047888755798,0.41639915108680725,466,74577.29930555556,0.9333713147375319,0.6746195276578267,0.2791216618484921,79840.37934027778,2344.9554796006946,76416.734375,0.9339801669120789,0.6262276768684387,0.2773172855377197,81818.3671875,2448.6640625
556,0.47522999180687797,0.45941248536109924,0.41639915108680725,466,74238.0234375,0.9321428775787354,0.6733775761392381,0.2829864448971219,79561.7484375,2324.336496310764,69067.2421875,0.9359379410743713,0.6843913793563843,0.2756228446960449,73794.6796875,2047.9912109375
557,0.46176877154244317,0.49931010603904724,0.41639915108680725,466,73752.3529513889,0.9362863209512499,0.6823825160662333,0.27189755969577367,78709.23350694444,2262.8657118055557,95862.0546875,0.9457810521125793,0.645383358001709,0.2541688084602356,101357.5546875,2354.605224609375
558,0.470721435546875,0.4844743311405182,0.41639915108680725,466,75337.1984375,0.9357121056980557,0.6744824965794881,0.2730709175268809,80401.98211805556,2282.5657009548613,81591.5625,0.9406083822250366,0.6647645235061646,0.26471468806266785,86743.390625,2259.68603515625
559,0.4561678694354163,0.4811081886291504,0.41639915108680725,466,75427.48055555555,0.9366735855738322,0.6865836805767483,0.27069162262810603,80285.58003472222,2187.2165635850693,92667.9140625,0.9393011927604675,0.6679855585098267,0.27321183681488037,98656.2265625,2375.990234375
560,0.4644875466823578,0.44986507296562195,0.41639915108680725,466,72839.0546875,0.9341177582740784,0.6804338402218288,0.2773093084494273,77952.95329861112,2300.0457411024304,76939.9609375,0.9466192126274109,0.6913084387779236,0.2457447350025177,81278.6796875,2133.783203125
561,0.46781480577256945,0.4893522262573242,0.41639915108680725,466,77480.14166666666,0.934813834561242,0.6773862547344631,0.2771180417802599,82811.41284722222,2329.167062717014,74950.6015625,0.9380059242248535,0.6589459776878357,0.2630484104156494,79904.1875,2539.509521484375
562,0.47420921524365744,0.48865196108818054,0.41639915108680725,466,74080.56006944444,0.9322575926780701,0.6746743851237826,0.281667912668652,79433.49427083334,2384.0707194010415,61300.46484375,0.9230741262435913,0.6648622751235962,0.29439985752105713,66409.0390625,2546.21337890625
563,0.47296436693933275,0.4893300235271454,0.41639915108680725,466,76411.22413194444,0.9365630573696561,0.6729492704073589,0.27129731509420607,81560.24496527777,2354.251166449653,68576.2109375,0.9336949586868286,0.6580880284309387,0.27590081095695496,73446.0546875,2297.428466796875
564,0.47655080755551654,0.48170122504234314,0.41639915108680725,466,77987.81996527778,0.9361220982339648,0.6699044850137499,0.27354209621747333,83262.3609375,2344.804399956597,71023.5859375,0.9367987513542175,0.670139729976654,0.2693221867084503,75815.203125,2262.014892578125
565,0.4546405997541216,0.4759182035923004,0.41639915108680725,466,66427.36180555556,0.9317987309561835,0.6888925366931491,0.2806356145275964,71242.77100694444,2237.6071614583334,65997.1015625,0.9343513250350952,0.6727831959724426,0.27293893694877625,70634.140625,2261.46337890625
566,0.4603086140420702,0.4817134439945221,0.41639915108680725,466,80621.1046875,0.9370435383584764,0.6845244381162855,0.27340783013237846,85952.79131944444,2283.6654242621526,81172.34375,0.9475393891334534,0.6581069827079773,0.2458599954843521,85666.4609375,2099.517333984375
567,0.47573043902715045,0.5063523650169373,0.41639915108680725,466,81581.77916666666,0.937064097987281,0.6733784609370761,0.27204932702912227,87055.38940972222,2419.3706108940974,70909.6171875,0.9385249018669128,0.6424955725669861,0.2621474862098694,75554.328125,2370.385009765625
568,0.46985090639856125,0.513427197933197,0.41639915108680725,466,80032.9734375,0.9361393054326376,0.6766245431370206,0.27445009152094524,85444.33315972223,2363.490190972222,108392.703125,0.9500223994255066,0.6323111653327942,0.24210333824157715,114094.890625,2540.480224609375
569,0.46952086091041567,0.44425487518310547,0.41639915108680725,466,72289.74869791667,0.9310722125901116,0.6789418949021233,0.283173789580663,77587.90694444445,2396.3654893663193,54083.36328125,0.9347219467163086,0.6963381767272949,0.2684839963912964,57860.375,2003.125
570,0.4710867312219408,0.4642697274684906,0.41639915108680725,466,79961.99409722222,0.9385672291119893,0.6745944778124492,0.2656039681699541,85134.34375,2426.3325086805557,65897.5625,0.9363833665847778,0.6739473342895508,0.266990065574646,70374.5546875,2265.848388671875
571,0.4702993710835775,0.45454904437065125,0.41639915108680725,466,78242.9625,0.9363951894972059,0.6789554927084182,0.27386033137639365,83522.7095486111,2334.3291069878474,70334.0625,0.9361312985420227,0.6853415369987488,0.2699587941169739,75132.6875,2304.798828125
572,0.4709237383471595,0.487753301858902,0.41639915108680725,466,74459.99270833333,0.9355104645093282,0.6753961126009623,0.2715329282813602,79558.12309027778,2414.399934895833,61914.25,0.9265133738517761,0.667374849319458,0.29081007838249207,66824.9921875,2300.882568359375
573,0.4643418225977156,0.4536902904510498,0.41639915108680725,466,73382.99635416667,0.933241519663069,0.6801889604992337,0.27839535739686755,78588.00277777777,2355.1236762152776,80895.90625,0.9397420287132263,0.6890644431114197,0.2669553756713867,86083.1015625,2261.498046875
574,0.4843522720866733,0.48113366961479187,0.41639915108680725,466,77866.40633680555,0.932666974597507,0.6651830077171326,0.27886926333109535,83425.40850694444,2541.5837131076387,91718.2421875,0.9490569233894348,0.6624941825866699,0.24051186442375183,96641.453125,2396.786865234375
575,0.467647961113188,0.4739907383918762,0.41639915108680725,466,77019.8529513889,0.942627465724945,0.6734601378440856,0.2555001411173079,81703.10989583333,2292.197384982639,75115.9296875,0.9418191909790039,0.6736879348754883,0.25919613242149353,79756.2109375,2154.175048828125
576,0.4774436520205604,0.46114858984947205,0.41639915108680725,466,75837.26458333334,0.9355641669697232,0.6728784335984124,0.2723466224140591,80998.6609375,2423.7592176649305,50874.2734375,0.9258854985237122,0.6831717491149902,0.28376975655555725,54946.61328125,2280.681396484375
577,0.455454863442315,0.5406951308250427,0.41639915108680725,466,73959.41579861111,0.9349357618225945,0.6878315130869548,0.27505362033843994,79089.34947916666,2332.748735894097,103826.3203125,0.9450790882110596,0.6146442294120789,0.25702211260795593,109859.9296875,2521.162841796875
578,0.4782101485464308,0.4685671925544739,0.41639915108680725,466,80212.25208333334,0.9351613468594021,0.6702766391966078,0.2749186866813236,85650.73003472222,2434.3321723090276,86043.546875,0.9424120783805847,0.6728718876838684,0.2590498924255371,91301.40625,2383.518798828125
579,0.45476095610194733,0.504165768623352,0.41639915108680725,466,75542.04340277778,0.937955998049842,0.6868673245112101,0.2663722634315491,80473.04201388889,2320.0131890190974,69070.1796875,0.9382538199424744,0.6516390442848206,0.2586613893508911,73615.6640625,2571.06298828125
580,0.4752646936310662,0.4593079686164856,0.41639915108680725,466,78636.68984375,0.9359683738814459,0.673734708627065,0.27198960979779563,84005.43784722222,2476.2990451388887,60799.8125,0.9291280508041382,0.6875098347663879,0.2868294417858124,65437.49609375,2121.727294921875
581,0.47101192474365233,0.4577619731426239,0.41639915108680725,466,79893.4625,0.9358161648114522,0.6749651736683315,0.27614157067404854,85379.02899305556,2346.331477864583,70878.828125,0.9468480944633484,0.6830712556838989,0.24589720368385315,74857.65625,1925.4285888671875
582,0.47514671749538845,0.4758870303630829,0.41639915108680725,466,80372.12013888889,0.9344888051350911,0.6740715596410963,0.27742138173845077,85937.6029513889,2442.821799045139,73139.2109375,0.9387661218643188,0.6674441695213318,0.257941871881485,77909.9375,2673.845703125
583,0.47153046329816184,0.46332213282585144,0.41639915108680725,466,72430.01440972222,0.9327122820748224,0.6745201256540087,0.2773531119028727,77596.98802083333,2446.522271050347,96933.1171875,0.9537369608879089,0.6674771308898926,0.2298353910446167,101635.0625,2251.7880859375
584,0.47708880636427137,0.5291082859039307,0.41639915108680725,466,83860.53758680556,0.9369959248436822,0.6704441282484267,0.27142047948307463,89473.85972222222,2514.873345269097,91552.9765625,0.9437205195426941,0.6270168423652649,0.25266924500465393,97012.8046875,2664.136474609375
585,0.4730509446726905,0.4920163154602051,0.41639915108680725,466,77860.99010416666,0.934250435564253,0.6726260794533624,0.27568034397231206,83212.17065972222,2449.4575086805557,85466.03125,0.9458702206611633,0.652032732963562,0.24852296710014343,90357.0390625,2347.69580078125
586,0.47191426621543037,0.5164406895637512,0.41639915108680725,466,76672.17309027778,0.9335021085209316,0.6753941218058268,0.2772644499937693,82075.15642361112,2474.5944661458334,84692.4140625,0.9420943856239319,0.6340042352676392,0.25533998012542725,89898.015625,2596.947021484375
587,0.48091984854804143,0.5036465525627136,0.41639915108680725,466,83354.51805555556,0.9375634657012092,0.6660416073269314,0.26949398451381257,88887.76927083333,2520.6490831163196,81244.2890625,0.9356978535652161,0.6468161940574646,0.2715822756290436,86827.484375,2639.23828125
588,0.47123527924219766,0.4922020435333252,0.41639915108680725,466,77825.359375,0.9351326333151924,0.6755496872795953,0.27288817432191637,83146.1765625,2495.42109375,58841.1875,0.926583468914032,0.6541994214057922,0.2885589301586151,63503.38671875,2276.679443359375
589,0.4644741714000702,0.49438363313674927,0.41639915108680725,466,72708.44045138889,0.9326530602243212,0.6811938418282403,0.27777906126446195,77926.64444444445,2474.246755642361,108512.3125,0.9467440843582153,0.6517795920372009,0.2515026032924652,114616.3125,2632.150146484375
590,0.4693902916378445,0.45502397418022156,0.41639915108680725,466,81420.96458333333,0.9353294597731696,0.6765937076674567,0.27483950522210865,87013.84548611111,2512.8864583333334,81777.390625,0.9452383518218994,0.6800498366355896,0.2509532570838928,86515.1015625,2223.849853515625
591,0.47399350735876294,0.44636842608451843,0.41639915108680725,466,76196.9140625,0.9326679123772516,0.6738835997051663,0.27921321325831944,81592.51171875,2456.9002983940973,72327.4609375,0.9465886950492859,0.6918686628341675,0.24272878468036652,76408.5390625,2170.761474609375
592,0.47600265343983966,0.4892880618572235,0.41639915108680725,466,78288.34565972222,0.9357244107458327,0.6708927445941502,0.2705052819516924,83612.72465277778,2526.920654296875,82323.0859375,0.9413638710975647,0.6575926542282104,0.25636032223701477,87450.8671875,2595.119873046875
593,0.46948344111442564,0.5034676790237427,0.41639915108680725,466,75018.1,0.9322715547349718,0.6771553026305305,0.2789718230565389,80410.01388888889,2523.210183376736,84594.6171875,0.9443734884262085,0.6418980956077576,0.2478962391614914,89577.5,2637.935302734375
594,0.45908559295866225,0.4329022467136383,0.41639915108680725,466,73851.3021701389,0.9312011321385701,0.6858996431032817,0.28278036647372773,79252.48333333334,2446.2125162760417,68316.4921875,0.9447933435440063,0.6985854506492615,0.24673236906528473,72308.3984375,2125.4296875
595,0.44849306411213347,0.46518588066101074,0.41639915108680725,466,72796.10121527778,0.9325233591927422,0.6925258623229132,0.2788581179247962,77937.65642361112,2361.6921549479166,67028.1171875,0.938764750957489,0.6733886003494263,0.2611553370952606,71400.3359375,2254.404296875
596,0.46429838803079393,0.4757162630558014,0.41639915108680725,466,70665.61414930556,0.9313784307903714,0.6814905683199565,0.2795567201243507,75871.77100694444,2507.4616102430555,71765.6171875,0.9448843002319336,0.66871577501297,0.24823276698589325,75951.75,2133.623291015625
597,0.46485920680893794,0.4726378619670868,0.41639915108680725,466,80831.60572916667,0.9399270256360371,0.6780812170770433,0.2624104572667016,85939.47829861111,2410.616818576389,63295.9453125,0.9267682433128357,0.6743894219398499,0.2831760346889496,68297.4921875,2726.46630859375
598,0.4586921016375224,0.4659281373023987,0.41639915108680725,466,71404.61371527778,0.93406167295244,0.686286551422543,0.2752439730697208,76447.2234375,2374.0404459635415,74569.5859375,0.9405826926231384,0.6757388710975647,0.2568097710609436,79280.203125,2456.000732421875
599,0.474109599325392,0.4950841963291168,0.41639915108680725,466,79979.18541666666,0.9341256459554036,0.6745297325981988,0.27746012012163795,85536.72274305555,2508.1759223090276,65733.84375,0.9348297119140625,0.6529662013053894,0.2662194073200226,70316.3828125,2558.31982421875
600,0.45945512917306686,0.4864102900028229,0.41639915108680725,466,79458.27100694444,0.9371907922956678,0.6834492405255636,0.27040660248862375,84754.24149305555,2404.012141927083,87225.203125,0.9393318295478821,0.6684722900390625,0.2770901918411255,92858.7734375,2093.993896484375
601,0.45419110854466754,0.4537815749645233,0.41639915108680725,466,66509.33940972222,0.9277214103274876,0.690015545156267,0.28829995459980434,71492.35564236112,2319.293668619792,87964.328125,0.9487026929855347,0.6759364008903503,0.24163459241390228,92720.6484375,2299.72021484375
602,0.4780742757850223,0.5181592106819153,0.41639915108680725,466,82409.23802083333,0.9344383067554898,0.6703268951839871,0.2772995048099094,88101.84618055556,2514.5148817274307,81994.2109375,0.9374295473098755,0.6408485770225525,0.2645602524280548,87467.0625,2786.2001953125
603,0.4678545759783851,0.501891553401947,0.41639915108680725,466,70598.19357638889,0.927868300014072,0.6791402273707919,0.28885946936077544,76091.2251736111,2538.7153266059026,125949.6484375,0.9507409930229187,0.6435670256614685,0.245461568236351,132475.25,2620.49609375
604,0.46997160381740993,0.5149640440940857,0.41639915108680725,466,73577.16927083333,0.9287795199288262,0.6767581515842014,0.28561531172858345,79106.81857638889,2589.123236762153,62095.83984375,0.9228664636611938,0.6445180773735046,0.294905424118042,67285.8359375,2578.322265625
605,0.4625251140859392,0.4987046420574188,0.41639915108680725,466,77266.79782986111,0.9348076184590658,0.6816888213157654,0.2735822161038717,82600.22413194444,2501.0809461805557,68139.859375,0.9299124479293823,0.656088650226593,0.28551629185676575,73275.5625,2337.362060546875
606,0.4680449108282725,0.48725625872612,0.41639915108680725,466,74643.97560763889,0.9328380544980367,0.6785174369812011,0.27720571756362916,79992.84565972222,2558.407790798611,79193.875,0.9479084014892578,0.6536306738853455,0.23469063639640808,83545.9140625,2709.89697265625
607,0.4643089791138967,0.4301494061946869,0.41639915108680725,466,83085.11545138889,0.94011123975118,0.677297956413693,0.26146962112850614,88317.40555555555,2490.7182888454863,53951.9765625,0.9250906109809875,0.7060022950172424,0.2923908829689026,58320.75,2094.969482421875
608,0.45579989353815714,0.4812740981578827,0.41639915108680725,466,73176.23177083333,0.9321159561475117,0.6871261265542772,0.2766602668497298,78377.93090277778,2556.715353732639,77802.2734375,0.9366493225097656,0.6679615378379822,0.27117687463760376,83064.4609375,2408.966552734375
609,0.4677978899743822,0.47603026032447815,0.41639915108680725,466,68067.03628472223,0.9265258722835117,0.67950748735004,0.2891021966934204,73408.66840277778,2564.4707953559027,75611.09375,0.9446472525596619,0.6577033400535583,0.2486610859632492,80041.6171875,2263.794677734375
610,0.4749940600660112,0.4675936698913574,0.41639915108680725,466,79249.88541666667,0.933405794037713,0.6730087253782484,0.2769182059499953,84920.48211805556,2642.2321397569444,65600.4296875,0.922261655330658,0.6806492209434509,0.29993292689323425,71129.953125,2552.497802734375
611,0.44811573690838286,0.47988349199295044,0.41639915108680725,466,71879.89678819444,0.9311716437339783,0.6933354364501105,0.28210463722546897,77125.39296875,2408.4345106336805,73468.015625,0.944514811038971,0.6591700911521912,0.24834877252578735,77783.8671875,2239.5205078125
612,0.4726478702492184,0.46017882227897644,0.41639915108680725,466,72346.49895833334,0.9272629062334696,0.67557346423467,0.2899211870299445,77989.67986111112,2613.6148817274307,72288.640625,0.9414308071136475,0.672554075717926,0.2558284401893616,76785.9296875,2295.637939453125
613,0.467118153307173,0.5083083510398865,0.41639915108680725,466,74456.68177083334,0.933294337325626,0.6770940317047967,0.2747858991225561,79678.21302083334,2538.142312282986,105373.703125,0.9380603432655334,0.6409976482391357,0.2791023850440979,112331.4765625,2624.70068359375
614,0.4740683303938972,0.4740618169307709,0.41639915108680725,466,76425.17760416666,0.9307109832763671,0.6741238077481587,0.2823911600642734,82052.4048611111,2624.019742838542,57374.2265625,0.9184620380401611,0.6761710047721863,0.3069745898246765,62467.71875,2358.482421875
615,0.47655130094952053,0.43978720903396606,0.41639915108680725,466,78278.54722222222,0.9324260658688015,0.6709843198458354,0.278481352991528,83884.83506944444,2648.165060763889,52787.62109375,0.9156152009963989,0.7095369696617126,0.312902569770813,57652.625,2229.213623046875
616,0.4614883323510488,0.4608221650123596,0.41639915108680725,466,78113.48715277777,0.9369273490375942,0.6802736825413174,0.2678087936507331,83318.47256944445,2509.5423177083335,80107.2890625,0.9357396364212036,0.6836992502212524,0.27321550250053406,85608.5234375,2514.455810546875
617,0.46314510703086853,0.4981824457645416,0.41639915108680725,466,72736.36623263889,0.9335260272026062,0.6812905139393277,0.27360139621628654,77815.20295138888,2497.9899739583334,111238.0859375,0.9557340741157532,0.643032968044281,0.22340995073318481,116390.203125,2559.76025390625
618,0.4696321189403534,0.4906872808933258,0.41639915108680725,466,80657.78663194444,0.9360519925753276,0.6762447781032986,0.2715198516845703,86160.75434027778,2562.946799045139,75730.2421875,0.9429069757461548,0.6549550890922546,0.2502826750278473,80315.7109375,2483.321044921875
619,0.47644695772065054,0.47638389468193054,0.41639915108680725,466,76432.52621527777,0.9297352194786072,0.6724949399630229,0.2852595905462901,82199.50815972222,2660.2115831163196,69753.0546875,0.9346498250961304,0.6694972515106201,0.26777976751327515,74630.1484375,2639.573486328125
620,0.4626815868748559,0.45549890398979187,0.41639915108680725,466,75784.58940972222,0.9288629584842258,0.6842153072357178,0.28686371048291526,81469.31840277778,2596.1076388888887,72665.8671875,0.9373894333839417,0.6879565119743347,0.271331250667572,77519.3984375,2146.530029296875
621,0.4791119741068946,0.5219785571098328,0.41639915108680725,466,83213.2329861111,0.9371454821692573,0.6678006304634942,0.26798009011480545,88738.91510416666,2625.2216959635416,92273.1171875,0.9408828616142273,0.6333290934562683,0.2564895749092102,98070.78125,2998.094970703125
622,0.4708361936940087,0.5038550496101379,0.41639915108680725,466,74085.63385416666,0.9280407362514072,0.6774669395552742,0.288368081384235,79790.15329861111,2641.314675564236,97823.9609375,0.9420826435089111,0.6487154364585876,0.25860700011253357,103837.984375,2792.64697265625
623,0.49142128229141235,0.45396095514297485,0.41639915108680725,466,80778.221875,0.9319461849000719,0.658051606019338,0.27834832270940146,86653.25190972222,2833.1953287760416,76155.4921875,0.9352021813392639,0.685820996761322,0.2716076374053955,81432.1171875,2549.169677734375
624,0.4670679854022132,0.5264744758605957,0.41639915108680725,466,75774.77309027778,0.930751723713345,0.6777622911665174,0.2800734751754337,81374.94010416667,2729.930463324653,93143.4921875,0.9429352879524231,0.628746509552002,0.25603020191192627,98780.3671875,2654.452880859375
625,0.4735824531979031,0.47126466035842896,0.41639915108680725,466,81942.58107638889,0.9352640589078267,0.6716095434294806,0.27143461770481536,87593.85138888888,2712.462527126736,78706.34375,0.9494025111198425,0.6646102666854858,0.23409974575042725,82900.921875,2376.376708984375
626,0.45771615306536356,0.5053984522819519,0.41639915108680725,466,72184.17309027778,0.9264525824122959,0.6900360213385688,0.2906137969758775,77807.35399305556,2625.3978515625,83276.5390625,0.9351590871810913,0.6482241749763489,0.27017149329185486,89050.6640625,2882.587158203125
627,0.4614440619945526,0.48006850481033325,0.41639915108680725,466,70910.48125,0.9300761169857449,0.6832126127349005,0.28106226126352946,76195.44444444444,2592.139116753472,96655.7265625,0.9479691386222839,0.6587259769439697,0.24631474912166595,101960.8359375,2399.369873046875
628,0.4542500231001112,0.4636049270629883,0.41639915108680725,466,73209.47170138889,0.9341219200028313,0.6854032542970445,0.2735253347290887,78338.54114583334,2495.1777506510416,83103.7421875,0.9456184506416321,0.6789092421531677,0.24362365901470184,87882.953125,2634.689453125
629,0.46330059899224174,0.5095929503440857,0.41639915108680725,466,77921.93975694444,0.9328773644235399,0.6817743115954928,0.2766089035405053,83431.49444444444,2615.7526258680555,92190.8203125,0.9376153945922852,0.6395367383956909,0.27084580063819885,98324.7734375,2713.8076171875
630,0.45337654815779793,0.4308609068393707,0.41639915108680725,466,69516.8529513889,0.9318824503156874,0.6885391420788235,0.2776967810259925,74577.21545138888,2487.122390407986,51520.3125,0.9360395073890686,0.7043322920799255,0.26161208748817444,55040.74609375,2086.0166015625
631,0.47350665860705904,0.5336815118789673,0.41639915108680725,466,84383.18472222223,0.9381654527452257,0.6687656521797181,0.26465353104803296,89910.33072916667,2700.0855631510417,84209.453125,0.9411652684211731,0.6128294467926025,0.25315341353416443,89473.609375,2922.044677734375
632,0.4705599579546187,0.4929661452770233,0.41639915108680725,466,74815.60703125,0.9312566108173794,0.6774023241466947,0.27810313502947487,80317.51371527778,2706.6651963975696,88318.3125,0.937420129776001,0.6556280255317688,0.2706536054611206,94214.2265625,2639.48681640625
633,0.4637616369459364,0.4738825857639313,0.41639915108680725,466,75272.08880208334,0.9319569177097744,0.6791827307807075,0.2774394949277242,80670.53125,2620.2879557291667,79418.7265625,0.9451420307159424,0.6641775369644165,0.24682630598545074,84028.3515625,2400.751220703125
634,0.47178785469796924,0.4976237714290619,0.41639915108680725,466,80620.76371527778,0.9305503010749817,0.67556664413876,0.2833645734522078,86574.1671875,2730.4620062934027,80014.1171875,0.9419382214546204,0.6479973196983337,0.254046231508255,84946.25,2560.387939453125
635,0.46014465226067436,0.5002701878547668,0.41639915108680725,466,72520.25980902778,0.9288658486472235,0.683551025390625,0.2835733864042494,77906.15138888889,2622.9969672309026,89509.3125,0.9398651719093323,0.6431607604026794,0.2623053193092346,95236.3359375,2727.000732421875
636,0.4496776262919108,0.4829777777194977,0.41639915108680725,466,70559.75703125,0.928448908858829,0.6920730789502462,0.28565709590911864,75952.92230902778,2567.9027723524305,86418.8125,0.9486128687858582,0.6506057977676392,0.2373754233121872,91100.1875,2541.8037109375
637,0.4695910341209836,0.45885273814201355,0.41639915108680725,466,78631.04756944445,0.9340009768803914,0.6755959113438924,0.2742044852839576,84172.99774305556,2664.6534288194443,69801.0546875,0.9386230707168579,0.6779680848121643,0.26035967469215393,74365.375,2418.756103515625
638,0.45974303351508244,0.5059509873390198,0.41639915108680725,466,80116.31675347222,0.9363483521673415,0.6808607459068299,0.26860072016716,85519.57491319445,2633.5091362847224,109238.5546875,0.9445620179176331,0.6379472613334656,0.25360041856765747,115649.953125,2939.274658203125
639,0.45768083930015563,0.43027955293655396,0.41639915108680725,466,70624.63385416666,0.9262738850381639,0.6855100486013624,0.28900806837611726,76044.63645833333,2610.223095703125,55949.42578125,0.917331874370575,0.7113158106803894,0.31182533502578735,60991.4765625,2229.05029296875
640,0.4805195583237542,0.4559040665626526,0.41639915108680725,466,81072.17743055556,0.9288502282566494,0.6701484150356717,0.2855345196194119,87239.6888888889,2915.002609592014,56147.0703125,0.9322578310966492,0.6835038065910339,0.2718004286289215,60226.9765625,2254.882080078125
641,0.46011561420228747,0.49471044540405273,0.41639915108680725,466,73110.01354166666,0.9342294428083632,0.6808456235461765,0.2705752412478129,78197.19027777777,2606.2916178385417,68972.796875,0.9217008352279663,0.6549882888793945,0.2956509590148926,74832.0859375,3004.936279296875
642,0.45400039553642274,0.4861181378364563,0.41639915108680725,466,66008.89565972223,0.9252957781155904,0.6900479939248827,0.28935275938775806,71225.54375,2640.3147081163193,76395.8515625,0.9379942417144775,0.6545060276985168,0.2611047327518463,81445.96875,2716.34423828125
643,0.47349313696225487,0.43824225664138794,0.41639915108680725,466,65933.78072916667,0.926315258608924,0.6744015057881673,0.28628548251258,71104.16875,2699.6417860243055,45764.38671875,0.9090937376022339,0.7092424035072327,0.3281250596046448,50340.66796875,1987.270751953125
644,0.47803346978293526,0.4512953758239746,0.41639915108680725,466,75881.93871527778,0.93233233027988,0.6690103623602125,0.2757418606016371,81294.00451388888,2723.0856825086807,77830.6796875,0.9393584132194519,0.6847765445709229,0.2591788172721863,82855.1484375,2636.5107421875
645,0.4628276182545556,0.467724472284317,0.41639915108680725,466,70058.64027777778,0.9300495598051283,0.6830296185281541,0.28051905234654745,75326.63177083334,2599.6576009114583,90391.2890625,0.9355531334877014,0.676106333732605,0.2774261236190796,96618.015625,2650.08984375
646,0.4664603571097056,0.510069727897644,0.41639915108680725,466,76043.71510416667,0.9341257121827867,0.6768019848399692,0.2712705579068926,81315.70972222222,2667.9129937065973,72458.171875,0.9325923919677734,0.6418836116790771,0.2744516134262085,77695.4375,2674.223388671875
647,0.45272511508729724,0.517455518245697,0.41639915108680725,466,68005.18038194445,0.9280601196818882,0.6909672207302517,0.28353410760561626,73175.05798611112,2577.329953342014,96736.3359375,0.951454222202301,0.6240714192390442,0.2279997020959854,101672.0859375,2918.706787109375
648,0.45336210661464266,0.41992607712745667,0.41639915108680725,466,72496.29053819444,0.931075472301907,0.687479133076138,0.27851851648754544,77853.84982638889,2682.8476291232637,51018.66796875,0.9211328029632568,0.7226164937019348,0.2977829575538635,55386.875,2187.9384765625
649,0.47737298740281,0.4986083209514618,0.41639915108680725,466,78956.18958333334,0.9275572485393948,0.6721777160962422,0.2867627481619517,85074.70208333334,2958.644167751736,74197.9609375,0.9234352111816406,0.6563294529914856,0.3013887107372284,80349.9375,2660.456787109375
650,0.45792785882949827,0.4780551493167877,0.41639915108680725,466,77469.23845486112,0.9335832768016391,0.6841414597299363,0.2738258798917135,82909.81302083333,2671.5166937934027,93986.578125,0.9435075521469116,0.6657000780105591,0.25594204664230347,99614.015625,2582.660888671875
651,0.4681127832995521,0.4865684509277344,0.41639915108680725,466,71908.44609375,0.9253474116325379,0.6759740246666802,0.2901654428905911,77572.09539930556,2772.133203125,85826.1484375,0.9275048971176147,0.6623189449310303,0.29341042041778564,92534.4453125,2895.1943359375
652,0.47430916362338593,0.4850977957248688,0.41639915108680725,466,68873.16232638889,0.927018944422404,0.6727718353271485,0.28488832381036544,74274.52274305555,2783.7113661024305,77317.71875,0.935091495513916,0.6566242575645447,0.2693329453468323,82684.65625,2740.317138671875
653,0.4660185562239753,0.4772014617919922,0.41639915108680725,466,71378.53871527778,0.923859609497918,0.6818914850552876,0.2943884041574266,77274.68663194444,2818.8686143663194,75585.1484375,0.9297204613685608,0.6628949642181396,0.28067824244499207,81298.7890625,2889.50146484375
654,0.46639202502038746,0.5275017023086548,0.41639915108680725,466,71645.8703125,0.9258507874276903,0.6798826575279235,0.2903951684633891,77343.02135416666,2744.786176215278,70885.2421875,0.9182709455490112,0.633887767791748,0.3028099536895752,77194.2578125,3183.04736328125
655,0.458019851313697,0.4619722366333008,0.41639915108680725,466,73204.00572916666,0.928588581085205,0.6853682544496325,0.28451362517144946,78758.99149305555,2691.6923448350694,92314.78125,0.947205126285553,0.6763743758201599,0.2462788075208664,97460.1796875,2421.759521484375
656,0.46566909154256186,0.4959366023540497,0.41639915108680725,466,79849.43194444444,0.9336023012797038,0.6777490297953288,0.27476154300901623,85505.54322916667,2731.197488064236,86885.75,0.9412922859191895,0.6458494067192078,0.2586405575275421,92304.75,2611.021240234375
657,0.4507113092475467,0.4381744861602783,0.41639915108680725,466,74581.059375,0.9319189402792188,0.6892646498150296,0.2765815820958879,79950.30295138889,2665.9387152777776,50238.26171875,0.9176045060157776,0.7029129266738892,0.3000413477420807,54749.36328125,2477.077392578125
658,0.44749137626753915,0.4702483117580414,0.41639915108680725,466,66954.72951388889,0.9248305824067857,0.6928072730700175,0.2916041288110945,72345.59131944444,2645.3949164496526,73019.953125,0.9393086433410645,0.6724137663841248,0.2581843137741089,77737.9765625,2544.9814453125
659,0.45862491329511007,0.42556267976760864,0.41639915108680725,466,72146.83263888888,0.9247809688250224,0.6857868552207946,0.29235347774293685,77935.07387152778,2789.6698296440973,64700.3515625,0.9328886270523071,0.7087028622627258,0.2728068232536316,69354.8515625,2434.115234375
660,0.45793850620587667,0.4666760563850403,0.41639915108680725,466,79254.09861111111,0.9335591514905294,0.6842288321918911,0.27392418848143685,84882.59479166666,2773.1616373697916,89263.7421875,0.9466080665588379,0.6671611666679382,0.24573449790477753,94298.5234375,2478.70556640625
661,0.4620866894721985,0.4815923869609833,0.41639915108680725,466,72435.03836805555,0.927544567320082,0.6821125494109259,0.2876199848122067,78065.18038194445,2685.037310112847,83577.6796875,0.9385566115379333,0.6639535427093506,0.2610083818435669,89049.1640625,2862.955810546875
662,0.4572474757830302,0.479988157749176,0.41639915108680725,466,76446.540625,0.9331189314524333,0.6833468980259365,0.2731693791018592,81849.03871527778,2777.183713107639,97433.6484375,0.955986738204956,0.650098979473114,0.22665981948375702,101919.453125,2022.9010009765625
663,0.47222906880908544,0.4378696382045746,0.41639915108680725,466,78218.80225694444,0.9316709425714281,0.6751991470654806,0.2790753404299418,83794.33767361111,2669.4688910590276,81924.234375,0.9442123770713806,0.6935961842536926,0.24752305448055267,86764.625,2611.640625
664,0.4612199730343289,0.4269866943359375,0.41639915108680725,466,65063.87144097222,0.9269086294704013,0.6830562578307258,0.2839240617222256,70169.57847222222,2720.1430609809026,46300.57421875,0.917484700679779,0.7097678780555725,0.2984166443347931,50464.68359375,2390.286376953125
665,0.47231359150674607,0.47391343116760254,0.41639915108680725,466,72568.48402777778,0.926320042875078,0.6744228879610698,0.2878449360529582,78232.01059027777,2816.3489691840277,88379.9140625,0.9508813619613647,0.6644026041030884,0.23369523882865906,92945.2578125,2367.330078125
666,0.46900110907024806,0.49562880396842957,0.41639915108680725,466,76760.78090277778,0.9322324461407132,0.6744754513104757,0.2746487041314443,82274.04670138888,2828.7063910590277,68974.0234375,0.9152542352676392,0.6605464816093445,0.3155515193939209,75360.5078125,2832.74609375
667,0.4628793199857076,0.46897372603416443,0.41639915108680725,466,76724.24713541666,0.9306857095824348,0.6798073172569274,0.2799230396747589,82409.45347222222,2776.866400824653,71304.890625,0.9326882362365723,0.6747026443481445,0.2759610414505005,76450.9375,2532.494140625
668,0.4776655462053087,0.4423231780529022,0.41639915108680725,466,76640.11892361111,0.9267645610703362,0.671113559934828,0.287045994732115,82626.8032986111,2956.5547146267363,62473.19921875,0.9247480034828186,0.6961727142333984,0.28810566663742065,67557.0,2704.271240234375
669,0.45949240260654023,0.4945595860481262,0.41639915108680725,466,73608.88255208333,0.9278188188870747,0.6835933685302734,0.2847111450301276,79258.04878472222,2815.167312282986,87271.8515625,0.9419507384300232,0.6509830355644226,0.254377543926239,92650.125,2765.880859375
670,0.4590112520588769,0.5061492919921875,0.41639915108680725,466,67402.39670138889,0.9246142268180847,0.6854443457391527,0.28904363049401177,72862.34340277778,2833.0330674913193,89469.0859375,0.9446313977241516,0.6384212374687195,0.24632719159126282,94713.2265625,2851.97119140625
671,0.4821995298067729,0.41022664308547974,0.41022664308547974,671,79039.8125,0.9268065081702338,0.6676101167996724,0.2877926793363359,85222.5421875,3019.52431640625,50839.16796875,0.9267728328704834,0.7256466746330261,0.2820683419704437,54856.125,2250.00634765625
672,0.4717651704947154,0.4896121621131897,0.41022664308547974,671,75983.9375,0.9296580447090996,0.6744472410943773,0.28003734217749704,81674.41206597222,2916.2184895833334,78942.1484375,0.9416771531105042,0.6560685038566589,0.25273600220680237,83831.4375,2663.690185546875
673,0.4582400487528907,0.4982859790325165,0.41022664308547974,671,73301.02847222223,0.9286609119839139,0.6839716116587321,0.2823761072423723,78919.40329861111,2842.418988715278,93664.8359375,0.9424751400947571,0.6457480192184448,0.2541202902793884,99381.7578125,2878.185302734375
674,0.4688866337140401,0.4359873831272125,0.41022664308547974,671,80811.74583333333,0.9314551896519131,0.6744586639934116,0.27830393777953255,86739.115625,2922.425558810764,85747.765625,0.9382899403572083,0.7019433975219727,0.2710946202278137,91387.28125,2414.9365234375
675,0.45678357614411247,0.4899728000164032,0.41022664308547974,671,71985.29930555556,0.9259110834863451,0.6834186500973172,0.28849051925871105,77647.47230902778,2787.6943250868057,65372.13671875,0.9295362830162048,0.6629921197891235,0.2781851589679718,70327.6875,2674.685791015625
676,0.4676041927602556,0.5065285563468933,0.41022664308547974,671,71771.55173611111,0.9259705040189955,0.6776149140463935,0.28851368957095674,77510.5328125,2872.391400824653,68953.328125,0.924049437046051,0.6483079791069031,0.2889212667942047,74620.8203125,3051.00048828125
677,0.4588504321045346,0.462022989988327,0.41022664308547974,671,68338.42578125,0.9241651720470853,0.6829840911759271,0.2892171270317502,73782.06545138889,2861.6405381944446,68246.9453125,0.9382179975509644,0.6737585067749023,0.2553280293941498,72741.03125,2823.212890625
678,0.46128892368740504,0.5053862929344177,0.41022664308547974,671,79056.23628472222,0.9319752229584588,0.6812798698743184,0.27592583431137935,84808.91649305556,2913.006136067708,78885.4921875,0.9342294931411743,0.6448032259941101,0.268379807472229,84439.09375,3025.111328125
679,0.472650937239329,0.4260657727718353,0.41022664308547974,671,77860.2890625,0.9250275585386488,0.675257745054033,0.29268661671214635,84159.8138888889,3021.7158582899306,61466.02734375,0.9396935701370239,0.7096567153930664,0.2524814009666443,65410.71484375,2459.747802734375
680,0.4663390278816223,0.5237221717834473,0.41022664308547974,671,73361.33350694444,0.9269761098755731,0.6781230330467224,0.2848627077208625,79014.23697916667,2897.4562934027776,97955.140625,0.9420412182807922,0.6278271079063416,0.2574191689491272,103981.796875,2875.140625
681,0.44858819246292114,0.5056328773498535,0.41022664308547974,671,67466.05729166667,0.9243947174814012,0.6940845118628608,0.290950479110082,72948.25746527778,2783.3781846788193,94993.0078125,0.9313679337501526,0.6476966738700867,0.27930858731269836,101993.0,3396.68408203125
682,0.4567371904850006,0.4680834710597992,0.41022664308547974,671,69675.45138888889,0.9249649670388963,0.6873841802279155,0.29049142797787986,75238.26545138888,2779.8224066840276,86502.3359375,0.9384087324142456,0.6732949018478394,0.2657235562801361,92179.8046875,2688.274169921875
683,0.45147374471028645,0.4378089904785156,0.41022664308547974,671,66823.33993055555,0.9273448679182265,0.6896246208084954,0.2839781688319312,71988.18125,2705.9864366319443,57474.1640625,0.9292801022529602,0.6996378898620605,0.2759982943534851,61848.05078125,2529.23388671875
684,0.46009889907307094,0.4630604684352875,0.41022664308547974,671,67343.44722222222,0.9267082836892869,0.6821952859560648,0.2827170160081651,72582.10399305556,2865.0432020399307,73976.375,0.9340094923973083,0.6776379942893982,0.2698955237865448,79203.0234375,2773.516845703125
685,0.4554074870215522,0.4550369381904602,0.41022664308547974,671,69070.76822916667,0.9247424085934957,0.68621639808019,0.29000252352820505,74633.1263888889,2811.2769476996527,64666.8515625,0.9216093420982361,0.6853918433189392,0.2971896827220917,70167.3125,2738.89306640625
686,0.4579491025871701,0.47278985381126404,0.41022664308547974,671,71115.22951388889,0.9235743045806885,0.6859927972157797,0.2915137072404226,76926.2486111111,2989.409890407986,73161.8671875,0.9165996313095093,0.681365430355072,0.3176572918891907,79818.78125,2742.516845703125
687,0.4756104177898831,0.4338094890117645,0.41022664308547974,671,86582.30208333333,0.9329437878396776,0.6703255587153965,0.27493911385536196,92796.60451388889,3072.0956163194446,54180.43359375,0.9164127111434937,0.7074057459831238,0.29996126890182495,59122.30859375,2863.659912109375
688,0.47784602840741475,0.4848027229309082,0.41022664308547974,671,79318.93680555555,0.9273852692710028,0.6690268013212416,0.285757233036889,85438.79895833334,3065.708072916667,85401.5859375,0.9357619881629944,0.6627933382987976,0.27176254987716675,91264.21875,2754.1005859375
689,0.46607729064093695,0.4596284031867981,0.41022664308547974,671,71477.09652777777,0.9244552612304687,0.6793818619516161,0.2886659562587738,77225.24869791667,3038.4546006944443,91131.7421875,0.9445555210113525,0.6746588945388794,0.2521747350692749,96481.0859375,2529.226318359375
690,0.46381106045511034,0.48753052949905396,0.41022664308547974,671,75325.3736111111,0.9281927585601807,0.6814896570311653,0.2838705407248603,81122.809375,2913.018722873264,74796.96875,0.9299618601799011,0.6620647311210632,0.2765568494796753,80430.1484375,3098.299072265625
691,0.4706044256687164,0.4934304356575012,0.41022664308547974,671,73602.44565972222,0.9289371927579244,0.6739044944445293,0.2806123819616106,79194.28524305555,2930.230832248264,74363.3125,0.9403049349784851,0.6459711194038391,0.25713104009628296,79084.25,2477.846435546875
692,0.4526714927620358,0.4986610412597656,0.41022664308547974,671,71736.14600694444,0.926395140753852,0.6907091617584229,0.2865931120183733,77362.6822048611,2856.3765787760417,87607.890625,0.9454367160797119,0.6399944424629211,0.2414930909872055,92663.9375,3011.342529296875
693,0.4668479714128706,0.4566088616847992,0.41022664308547974,671,80711.84149305556,0.9270830088191562,0.6785799225171407,0.28743205070495603,87048.78177083333,3090.210416666667,74756.4375,0.9352023601531982,0.6826685070991516,0.2649654448032379,79936.109375,2929.037353515625
694,0.47053194642066953,0.5146757364273071,0.41022664308547974,671,74012.675,0.9253427187601725,0.6756789949205186,0.2887869675954183,79984.73211805556,3060.874924045139,92102.8671875,0.9302471876144409,0.6442843079566956,0.2872355878353119,99009.0234375,3009.171875
695,0.46793835957845054,0.4428468644618988,0.41022664308547974,671,72359.3578125,0.9253756907251146,0.6754830453130934,0.28775364557902017,78163.38541666667,3031.654964192708,70972.0234375,0.9365459680557251,0.6884626746177673,0.26197385787963867,75780.609375,2736.449951171875
696,0.45526507099469504,0.46417394280433655,0.41022664308547974,671,70232.47239583333,0.9267576548788282,0.6859231313069661,0.284395479493671,75748.03159722222,2914.3402018229167,79888.3359375,0.9565073847770691,0.6645186543464661,0.21054863929748535,83520.875,2757.040283203125
697,0.455773581398858,0.4897993206977844,0.41022664308547974,671,69410.59652777777,0.9267067326439752,0.6865600413746304,0.28376485109329225,74868.69565972222,2897.179128689236,76503.3359375,0.9236891865730286,0.6629005670547485,0.2951219975948334,82823.6796875,3030.80517578125
698,0.4572734422153897,0.5218681693077087,0.41022664308547974,671,73673.03940972222,0.9273711429701911,0.6860731416278415,0.28494080205758415,79362.140625,2883.4697428385416,89210.9296875,0.9384859800338745,0.6266602873802185,0.25747954845428467,95058.3515625,3371.800048828125
699,0.4601761884159512,0.4813603460788727,0.41022664308547974,671,69627.10164930555,0.9266519877645705,0.6836811635229323,0.2854487948947483,75107.89010416667,2859.262749565972,66668.4921875,0.9262998700141907,0.6682218313217163,0.285261332988739,71972.90625,2814.75048828125
700,0.48883682555622526,0.4696876108646393,0.41022664308547974,671,85288.81788194444,0.9303361217180888,0.6596372246742248,0.279359147283766,91600.01805555556,3189.263205295139,71178.2421875,0.9417903423309326,0.6775476932525635,0.24647362530231476,75577.5859375,2908.2509765625
701,0.46559869117207,0.5067463517189026,0.41022664308547974,671,76153.51979166667,0.9289308256573148,0.6773174948162503,0.28080576260884604,81897.27222222222,2990.731743706597,85502.203125,0.9216064214706421,0.6468948125839233,0.3032475411891937,92775.1796875,3239.425537109375
702,0.4749587383535173,0.4361278712749481,0.41022664308547974,671,82003.33888888889,0.9306346257527669,0.6693310022354126,0.2784334037039015,88104.56302083333,3088.357156032986,72546.109375,0.9425410032272339,0.6938432455062866,0.24848021566867828,76968.6484375,2579.32958984375
703,0.46858345336384244,0.47416678071022034,0.41022664308547974,671,72130.15329861111,0.9227719412909614,0.6759547299808926,0.2938277608818478,78116.1392361111,3061.6834309895835,82008.84375,0.9410364031791687,0.6662040948867798,0.2524895966053009,87147.3671875,2929.08642578125
704,0.46350541578398813,0.4803660809993744,0.41022664308547974,671,79207.20052083333,0.927559290991889,0.6796967294481066,0.2860898017883301,85319.18315972222,3006.028011067708,66052.2421875,0.9354983568191528,0.6583358645439148,0.26083946228027344,70606.4765625,2864.763427734375
705,0.4551844875017802,0.47734737396240234,0.41022664308547974,671,74908.32378472222,0.9272910171084934,0.6845431857638888,0.2838247021039327,80635.59756944445,2947.405951605903,66649.7265625,0.9295986890792847,0.6625463962554932,0.2766497731208801,71697.3125,2821.529541015625
706,0.44751931230227154,0.4839373230934143,0.41022664308547974,671,66914.69513888888,0.9233501964145236,0.6906720081965129,0.2906947937276628,72399.98350694444,2910.987337239583,57421.78125,0.9203231930732727,0.6621196866035461,0.29052019119262695,62393.0625,3069.625
707,0.4789189245965746,0.46622011065483093,0.41022664308547974,671,83966.53897569445,0.933079120847914,0.6662685712178548,0.27090319527520074,89966.73489583333,3202.421755642361,66689.1484375,0.9364546537399292,0.6707873344421387,0.2625197172164917,71214.5,2550.820556640625
708,0.4437348014778561,0.46983596682548523,0.41022664308547974,671,64276.30755208333,0.9223768989245097,0.6982193840874567,0.29350653953022426,69646.44513888888,2816.412109375,82504.4609375,0.9471553564071655,0.6666020750999451,0.23638798296451569,87107.6328125,2864.403076171875
709,0.4702329847547743,0.48749685287475586,0.41022664308547974,671,73670.05711805556,0.9248153964678446,0.6751947707600063,0.2899833771917555,79665.51319444444,3040.087689887153,81496.3046875,0.9257912635803223,0.6619929671287537,0.29772067070007324,88028.8125,2778.029052734375
710,0.47501013477643333,0.48062869906425476,0.41022664308547974,671,75706.01579861112,0.9273575835757786,0.6727966851658291,0.2837329069773356,81616.26649305556,3109.817192925347,93513.9609375,0.9367201924324036,0.667094349861145,0.27213558554649353,99831.265625,2828.53759765625
711,0.4726927763885922,0.48403602838516235,0.41022664308547974,671,77383.44045138889,0.9265254444546169,0.6716991133160062,0.2848971320523156,83306.30451388888,3079.210769314236,100826.5,0.9503052830696106,0.6507236957550049,0.23034003376960754,106099.0625,3154.248779296875
712,0.46877286169264054,0.5058807134628296,0.41022664308547974,671,76195.16684027777,0.9237443049748738,0.6766268173853557,0.29170919325616623,82448.41189236111,3174.956955295139,84398.296875,0.9336079359054565,0.6406146287918091,0.27093005180358887,90400.1484375,3168.72314453125
713,0.45700125296910604,0.4818115234375,0.41022664308547974,671,77590.13263888888,0.9287912858857049,0.6844839970270793,0.28135535054736666,83468.7546875,3014.5140679253473,85878.484375,0.9380193948745728,0.6524955630302429,0.2611290216445923,91552.9921875,3043.969482421875
714,0.4492910034126706,0.495298832654953,0.41022664308547974,671,69981.7046875,0.9209134552213881,0.6920430819193523,0.29878296785884434,75957.40833333334,2960.8699327256945,89452.9296875,0.9390484094619751,0.6467666625976562,0.26051515340805054,95259.125,2996.167236328125
715,0.46543850501378375,0.4896107316017151,0.41022664308547974,671,72993.62230902778,0.9234748562177022,0.680401721265581,0.29216825034883287,78982.10364583334,3055.0338053385417,79455.8046875,0.924791693687439,0.6607405543327332,0.29090526700019836,85917.515625,3230.94091796875
716,0.4615403393904368,0.5071162581443787,0.41022664308547974,671,77835.15798611111,0.9306629829936557,0.6796573519706726,0.276036759879854,83620.36388888888,3111.3518446180556,106426.0625,0.9485156536102295,0.6335415840148926,0.23421505093574524,112202.75,3481.77587890625
717,0.4758747703499264,0.474624365568161,0.41022664308547974,671,79435.44704861111,0.9262893001238505,0.6710891723632812,0.28641580012109547,85748.66006944445,3279.0598198784724,97340.4375,0.9412349462509155,0.6633395552635193,0.26028600335121155,103417.7890625,2834.130859375
718,0.45753455228275725,0.46559134125709534,0.41022664308547974,671,76340.75972222222,0.9272189736366272,0.6844952000512017,0.2845151510503557,82206.57986111111,3000.2451985677085,66566.2734375,0.9473530650138855,0.6728215217590332,0.23372715711593628,70265.5390625,2515.616455078125
719,0.45601498352156744,0.4407525062561035,0.41022664308547974,671,72513.77907986111,0.9272396392292447,0.6854223714934455,0.28439996308750576,78156.85789930556,2909.9236653645835,48337.88671875,0.9200651049613953,0.6974592804908752,0.2893272042274475,52537.46484375,2729.218505859375
720,0.4722711311446296,0.47501125931739807,0.41022664308547974,671,73549.74027777778,0.925595944457584,0.6731383019023471,0.2850650946299235,79379.74704861111,3171.6588975694444,72672.5078125,0.9248397946357727,0.6696197390556335,0.291720449924469,78578.484375,2897.174560546875
721,0.44579972359869213,0.4832899272441864,0.41022664308547974,671,69158.15694444445,0.9211005184385511,0.6966734449068706,0.2967119303014543,75022.4546875,3011.4543185763887,65640.2421875,0.9259032011032104,0.6625534892082214,0.2841881513595581,70893.203125,2908.716552734375
722,0.46806945469644334,0.5218702554702759,0.41022664308547974,671,71544.53229166666,0.924199640750885,0.678105894724528,0.2896799279583825,77395.52135416666,3081.035763888889,85256.2421875,0.9280096888542175,0.6389784216880798,0.28143417835235596,91869.9921875,3548.676513671875
723,0.46450714005364313,0.4637959599494934,0.41022664308547974,671,64690.12777777778,0.9192291061083476,0.6807351668675741,0.2965560946199629,70335.7890625,3109.1313313802084,78756.7421875,0.9368473887443542,0.6735095977783203,0.26225152611732483,84065.7109375,2948.40234375
724,0.4623262517982059,0.4419080317020416,0.41022664308547974,671,75044.67065972222,0.924268470870124,0.6823906779289246,0.2895227438873715,81106.27065972223,3155.0079969618055,59474.73828125,0.906708836555481,0.702719509601593,0.33185529708862305,65594.0859375,2679.085693359375
725,0.4740279952685038,0.49213138222694397,0.41022664308547974,671,83315.34722222222,0.9274231606059604,0.6722545716497633,0.2852410554885864,89815.8484375,3265.5245279947917,121215.078125,0.9447685480117798,0.6512423753738403,0.2564462423324585,128301.3515625,3035.60546875
726,0.4427718069818285,0.5087644457817078,0.41022664308547974,671,65709.17595486112,0.9270491123199462,0.6948960807588366,0.281978835662206,70867.38229166667,2863.528466796875,87774.8671875,0.9340734481811523,0.640190064907074,0.26785802841186523,93969.984375,3450.742919921875
727,0.47698026961750456,0.5018178820610046,0.41022664308547974,671,77079.10086805555,0.9222924590110779,0.6715356720818414,0.2941615879535675,83476.48333333334,3271.123990885417,81829.234375,0.9261972308158875,0.6518415808677673,0.2883280813694,88349.6875,3248.5048828125
728,0.45757917761802674,0.504985511302948,0.41022664308547974,671,71033.33524305555,0.921433961391449,0.6866060376167298,0.29532705545425414,77099.65121527777,3167.7705457899306,103969.75,0.9458615779876709,0.6417449116706848,0.2440188229084015,109920.6796875,3195.519287109375
729,0.4444697188006507,0.4637303948402405,0.41022664308547974,671,65939.49548611112,0.9199638366699219,0.6954462316301134,0.2957582566473219,71545.55243055556,3013.7522569444445,73296.375,0.9343369603157043,0.6799196004867554,0.26725926995277405,78447.4765625,2872.686279296875
730,0.4674966659810808,0.4298960864543915,0.41022664308547974,671,69912.11388888888,0.9192112339867486,0.6785136262575785,0.2992859052287208,76003.928125,3169.8106879340276,66370.546875,0.9200757145881653,0.7073312997817993,0.3005455732345581,72135.9609375,2844.582763671875
731,0.4700334966182709,0.4906495213508606,0.41022664308547974,671,80106.20989583334,0.9276092582278781,0.6741457237137689,0.28389756348398,86346.67222222222,3228.8711046006943,102616.9296875,0.9306917190551758,0.6593721508979797,0.28428536653518677,110258.7734375,3455.385498046875
732,0.4768727322419484,0.4829723536968231,0.41022664308547974,671,74674.01519097222,0.9205471025572882,0.6707879768477546,0.2966929276784261,81019.95486111111,3305.2662272135417,88471.21875,0.9408372640609741,0.6523963809013367,0.2530384063720703,94034.5625,3159.989501953125
733,0.4630776246388753,0.45966729521751404,0.41022664308547974,671,75946.27135416666,0.9274515165223016,0.6795146173901028,0.28314607342084247,81836.86944444444,3109.031863064236,69991.453125,0.9371703267097473,0.6738455891609192,0.2669631242752075,74683.8125,2289.489501953125
734,0.47055684394306607,0.4542979300022125,0.41022664308547974,671,75665.22829861111,0.9229883405897352,0.6745913439326816,0.293619704246521,81967.5375,3200.172265625,73329.453125,0.9322604537010193,0.6848168969154358,0.2698879837989807,78657.6875,3099.226806640625
735,0.4606350017918481,0.49315786361694336,0.41022664308547974,671,72860.17664930556,0.9203605890274048,0.6843078242407905,0.2981455253230201,79066.05520833333,3138.9804633246526,67499.703125,0.9221741557121277,0.6620156168937683,0.29599735140800476,73196.265625,2842.74609375
736,0.45697119567129346,0.49052053689956665,0.41022664308547974,671,73892.05260416666,0.9263964785469903,0.6861440817515055,0.28570879300435387,79725.60746527778,3047.7309624565974,82543.875,0.9419518709182739,0.6482836604118347,0.24665644764900208,87630.671875,3293.802490234375
737,0.4749274320072598,0.48177653551101685,0.41022664308547974,671,77071.03385416667,0.9244396024280124,0.6718382663196988,0.28881584074762134,83353.71927083333,3325.381472439236,77448.1484375,0.9300016760826111,0.6635627746582031,0.277153342962265,83277.4296875,3154.023193359375
738,0.45999593337376915,0.45953574776649475,0.41022664308547974,671,73548.46328125,0.927670497364468,0.6807406544685364,0.28146911164124805,79245.87013888889,3132.8159776475695,58017.0390625,0.9313274025917053,0.6818074584007263,0.27179545164108276,62295.0,2484.0712890625
739,0.4649859858883752,0.4594704806804657,0.41022664308547974,671,75203.23368055555,0.9225176903936598,0.681161375840505,0.29566876027319167,81483.94739583334,3121.3601019965276,63727.82421875,0.925251305103302,0.6766723990440369,0.2821720540523529,68876.234375,3107.656982421875
740,0.4582676264974806,0.4539022445678711,0.41022664308547974,671,73229.13263888888,0.9217416167259216,0.6839447683758206,0.29551554057333207,79372.47560763889,3152.1794704861113,65024.33984375,0.9167726039886475,0.6942698359489441,0.3101416230201721,70927.4453125,2733.03173828125
741,0.46855189005533854,0.52386873960495,0.41022664308547974,671,74397.07552083333,0.9245480842060513,0.6762556658850776,0.2876954098542531,80440.48506944445,3264.4000651041665,98213.953125,0.9364002346992493,0.6286696195602417,0.26554906368255615,104884.5859375,3488.815185546875
742,0.4600447336832682,0.4430760443210602,0.41022664308547974,671,77166.41024305555,0.9289594133694966,0.680541479587555,0.27902373406622144,83014.59635416667,3158.3150227864585,56389.70703125,0.9214981198310852,0.6929249167442322,0.28937873244285583,61193.51171875,2882.70458984375
743,0.4514286465115017,0.4935351312160492,0.41022664308547974,671,69387.29314236112,0.9208292325337728,0.6902807646327549,0.2955391698413425,75275.25520833333,3105.5349989149304,80107.0390625,0.9417857527732849,0.6451131105422974,0.24867457151412964,85058.6640625,3022.3232421875
744,0.46660825543933443,0.4985771179199219,0.41022664308547974,671,74979.46076388888,0.9219679845703973,0.6790475567181905,0.29420607619815403,81244.47378472223,3252.622878689236,80698.8671875,0.9253464937210083,0.6543691158294678,0.28612950444221497,87209.3515625,3531.29931640625
745,0.46211949520640905,0.49325522780418396,0.41022664308547974,671,72086.6157986111,0.9222977744208442,0.6827314284112719,0.2925012336836921,78127.51840277777,3250.3352430555556,82817.7265625,0.9352053999900818,0.6523239016532898,0.26671597361564636,88555.65625,3099.388427734375
746,0.47199985848532783,0.478500097990036,0.41022664308547974,671,80153.02552083334,0.9227905498610602,0.6758332848548889,0.2945632285541958,86846.86649305555,3370.9627549913193,73547.9921875,0.92025226354599,0.6673048138618469,0.30487510561943054,79921.5546875,2884.73828125
747,0.46613596744007535,0.4854593276977539,0.41022664308547974,671,78623.9282986111,0.9274292455779182,0.6784847815831502,0.2839239603943295,84761.07552083333,3183.2103895399305,79531.5390625,0.9373383522033691,0.6563753485679626,0.25742363929748535,84848.2734375,3306.97900390625
748,0.47200556331210664,0.448831170797348,0.41022664308547974,671,78542.97786458333,0.9267940296067132,0.6732972145080567,0.28351140088505217,84695.97934027777,3292.3361653645834,81679.2734375,0.9285352230072021,0.6909119486808777,0.2886468768119812,87965.7265625,2843.115966796875
749,0.4595795730749766,0.4612447917461395,0.41022664308547974,671,72202.09644097222,0.9244329783651564,0.683413475089603,0.28813480933507285,78063.24366319444,3140.716118706597,96484.25,0.9399423003196716,0.6732829213142395,0.2612762153148651,102649.1171875,2992.114013671875
750,0.46879371537102593,0.4737466275691986,0.41022664308547974,671,64967.298784722225,0.913402157359653,0.6786080916722615,0.30744709173838297,71087.57100694445,3331.1480902777776,85325.125,0.9271390438079834,0.6720574498176575,0.2845364511013031,92030.5625,3483.138427734375
751,0.46305743522114223,0.46054893732070923,0.41022664308547974,671,76399.67482638889,0.9211714877022638,0.6817782282829284,0.2952774425347646,82870.68871527778,3368.299750434028,79354.96875,0.9234188795089722,0.6824591159820557,0.2965988516807556,85936.046875,3099.721435546875
752,0.467606692843967,0.4955451488494873,0.41022664308547974,671,70364.74513888889,0.9199431644545661,0.6773885660701328,0.2959277510643005,76383.72100694444,3241.9169867621526,77963.0234375,0.9324249029159546,0.647040843963623,0.26676905155181885,83613.1953125,3580.121826171875
753,0.45410521229108175,0.5135594606399536,0.41022664308547974,671,71440.65538194444,0.9195739719602797,0.6885219600465563,0.2966806021001604,77604.41770833333,3297.7660101996526,103365.4375,0.9387409687042236,0.6307289004325867,0.257424920797348,110110.7109375,3836.892578125
754,0.471069473028183,0.4694463908672333,0.41022664308547974,671,83187.86336805555,0.9286362634764778,0.6737257666058011,0.28005081547631155,89485.20607638889,3354.411322699653,76170.625,0.9338223338127136,0.6697173118591309,0.26577550172805786,81568.6484375,3230.281982421875
755,0.46378122634357877,0.4428386688232422,0.41022664308547974,671,77738.00026041667,0.9279107054074606,0.6781105505095588,0.2808385915226407,83715.88151041667,3256.6520128038196,56777.15234375,0.919255256652832,0.6948772072792053,0.29923030734062195,61764.29296875,2607.3662109375
756,0.45509400301509434,0.4514601230621338,0.41022664308547974,671,71606.8984375,0.9227542122205098,0.6869559645652771,0.29148982895745174,77562.50902777778,3192.869460720486,79910.8359375,0.9231124520301819,0.6848031282424927,0.2932244539260864,86566.7421875,3390.162841796875
757,0.45432001948356626,0.475175142288208,0.41022664308547974,671,75552.88038194444,0.923815475569831,0.6862343390782674,0.2903649191061656,81757.35260416666,3263.8391167534724,69589.9296875,0.9302836656570435,0.6666262745857239,0.27485793828964233,74805.0625,2947.731201171875
758,0.45131225056118435,0.44641828536987305,0.41022664308547974,671,75759.47074652778,0.9239737656381395,0.6893013662762112,0.28967905839284264,81966.20407986111,3276.7502332899307,65988.75,0.918985903263092,0.6993297934532166,0.304328054189682,71806.0546875,2775.882080078125
759,0.4468060036500295,0.4749549329280853,0.41022664308547974,671,69905.75060763888,0.9192284981409709,0.6935589803589715,0.29770608213212757,75859.08220486112,3142.5815592447916,84632.7421875,0.9252284169197083,0.6700869798660278,0.2962319552898407,91472.265625,3040.322998046875
760,0.46206016739209493,0.4559337794780731,0.41022664308547974,671,66580.60034722222,0.9170302987098694,0.6825910713937547,0.3017381184630924,72590.0046875,3270.5269476996527,74541.0546875,0.9271736741065979,0.6882708668708801,0.2820442318916321,80396.0,3217.8349609375
761,0.4713656253284878,0.4442707598209381,0.41022664308547974,671,75457.34635416667,0.9200166026751201,0.6759774247805278,0.296260658899943,81906.4234375,3417.911474609375,67992.515625,0.9265703558921814,0.695162832736969,0.2847742736339569,73380.84375,2854.336181640625
762,0.44942118326822916,0.4593850076198578,0.41022664308547974,671,72226.96319444444,0.9196759767002529,0.6912101811832851,0.2975184328026242,78481.95034722223,3328.5478352864584,95248.3984375,0.9439553618431091,0.6696769595146179,0.2429300993680954,100903.5,3582.910888671875
763,0.4558955881330702,0.4662895202636719,0.41022664308547974,671,75645.75442708333,0.9234557549158732,0.6862718568907844,0.2893477711412642,81786.70164930556,3321.746435546875,68767.109375,0.9410786628723145,0.6679481863975525,0.2500496506690979,73072.6484375,2638.92578125
764,0.44362856613265145,0.4957723617553711,0.41022664308547974,671,70634.00034722222,0.9219230400191413,0.6955599506696065,0.2949635710981157,76521.61927083334,3027.6524576822917,80018.515625,0.9276556968688965,0.6507386565208435,0.28108397126197815,86258.8515625,3432.690673828125
765,0.45046294464005365,0.49556705355644226,0.41022664308547974,671,78393.14618055556,0.9251546303431193,0.6883849157227411,0.2866235527727339,84632.18246527777,3345.682958984375,72585.6640625,0.9186695218086243,0.6552424430847168,0.3018653988838196,79011.7265625,3253.368408203125
766,0.4629837367269728,0.42332297563552856,0.41022664308547974,671,73244.73732638889,0.9220393406020271,0.6800030178493923,0.2934648010465834,79421.88298611112,3257.831743706597,77833.8046875,0.9425985813140869,0.6985378861427307,0.2509392499923706,82573.6484375,2567.048583984375
767,0.45886930889553496,0.4477652609348297,0.41022664308547974,671,74895.30121527778,0.9248453550868564,0.6828622619311014,0.2876577119032542,80992.61197916667,3257.2929524739584,49978.92578125,0.9176367521286011,0.6901871562004089,0.29185882210731506,54464.82421875,3105.002685546875
768,0.46374458339479235,0.48538461327552795,0.41022664308547974,671,77095.20017361111,0.9234439929326376,0.6800306889745924,0.2897751463784112,83384.56805555556,3392.3818088107637,96107.9921875,0.9425500631332397,0.6532936096191406,0.25320643186569214,101965.9296875,3001.847412109375
769,0.4563603666093614,0.4301757514476776,0.41022664308547974,671,68466.11909722222,0.9200176464186774,0.684999942779541,0.2957253290547265,74417.39583333333,3240.1711534288193,71058.4140625,0.9281615018844604,0.7064223289489746,0.28292137384414673,76558.2421875,2832.41064453125
770,0.4684914920065138,0.4668997824192047,0.41022664308547974,671,72499.73611111111,0.9211625523037381,0.6763523194524977,0.2923345294263628,78635.66631944444,3413.8234049479165,60135.80078125,0.9303566217422485,0.6675634384155273,0.26891854405403137,64637.36328125,3049.810546875
771,0.4477425535519918,0.5030385255813599,0.41022664308547974,671,70978.41059027778,0.9232658876313103,0.6917640937699212,0.2892082128259871,76862.24982638888,3228.763981119792,73008.0546875,0.9202768802642822,0.6509867310523987,0.29415225982666016,79332.703125,3555.102294921875
772,0.4634535802735223,0.4807185232639313,0.41022664308547974,671,77430.25243055556,0.9228843927383423,0.6805989901224773,0.29222685694694517,83848.046875,3362.295941840278,63217.80078125,0.9261170625686646,0.6624467968940735,0.2767626643180847,68261.1328125,3447.33837890625
773,0.45951132244533965,0.4504610002040863,0.41022664308547974,671,77878.19635416666,0.9273597849739923,0.680446371767256,0.28197843697335984,83915.34774305555,3275.6192762586807,88051.203125,0.9365338683128357,0.6843843460083008,0.26402679085731506,94018.171875,3217.889404296875
774,0.45312952134344314,0.472383975982666,0.41022664308547974,671,73264.66788194445,0.9196964621543884,0.6896297481324938,0.2969795862833659,79415.95347222222,3244.8231011284724,96476.7109375,0.9342684745788574,0.6712986826896667,0.27117571234703064,103264.4375,3452.188232421875
775,0.48541076646910775,0.4617292582988739,0.41022664308547974,671,79599.21024305555,0.9202971935272217,0.6650880310270522,0.29600747095214,86406.41701388889,3646.807204861111,48875.328125,0.9101204872131348,0.6840776205062866,0.3077060580253601,53702.04296875,3052.755859375
776,0.4697464731004503,0.49094077944755554,0.41022664308547974,671,76903.53125,0.9225841932826572,0.6739288025432163,0.289950203233295,83150.59453125,3486.568549262153,75141.09375,0.9267765283584595,0.6601210832595825,0.2815420925617218,81077.8984375,3368.009033203125
777,0.4528982162475586,0.449171781539917,0.41022664308547974,671,71489.98350694444,0.9226641959614224,0.6877025643984477,0.29142121738857696,77382.71197916666,3175.88671875,66496.03125,0.9275267720222473,0.6931063532829285,0.2800506353378296,71691.765625,2951.94189453125
778,0.45615567564964293,0.4732694625854492,0.41022664308547974,671,77009.85642361111,0.9260851171281602,0.6852275172869364,0.2867308192782932,83151.95607638889,3195.650124782986,58936.5390625,0.9238125681877136,0.6650202870368958,0.28551343083381653,63797.07421875,2881.637451171875
779,0.46159664789835614,0.4333503246307373,0.41022664308547974,671,72953.11414930556,0.9225044634607104,0.6807437247700161,0.2910248339176178,79068.8328125,3349.985546875,66624.703125,0.9306858777999878,0.6992958188056946,0.2754457890987396,71586.671875,2707.467529296875
780,0.4504638307624393,0.5037813782691956,0.41022664308547974,671,67869.11605902777,0.9183392458491855,0.6915563159518772,0.2996984250015683,73865.98420138888,3162.509955512153,87427.4296875,0.939547061920166,0.6428013443946838,0.2532142698764801,93052.7421875,3456.25634765625
781,0.457998694313897,0.45000049471855164,0.41022664308547974,671,76060.45555555556,0.9244580030441284,0.6832059065500895,0.28669248951805965,82208.81067708334,3407.8203233506943,66499.9609375,0.9294400215148926,0.6862475275993347,0.27390041947364807,71548.4140625,3070.565185546875
782,0.46319234040048385,0.5112245082855225,0.41022664308547974,671,82556.00815972222,0.9287025941742791,0.676139752070109,0.2801252712806066,88868.68454861111,3375.9580457899306,86499.7578125,0.9269377589225769,0.6397864818572998,0.2819713056087494,93317.765625,3795.958984375
783,0.47268921534220376,0.45652514696121216,0.41022664308547974,671,80468.13315972222,0.91921972433726,0.6740513920783997,0.30071551402409874,87470.31996527778,3532.5032660590277,54915.38671875,0.9210762977600098,0.6869357228279114,0.28912514448165894,59620.88671875,2907.83447265625
784,0.46685517099168566,0.45539894700050354,0.41022664308547974,671,81705.59392361112,0.9225547432899475,0.678538109196557,0.2909654418627421,88391.0046875,3600.9627332899304,58206.58203125,0.9160191416740417,0.6893764138221741,0.30035072565078735,63542.9765625,3115.731689453125
785,0.45183374683062233,0.4365842938423157,0.41022664308547974,671,70508.61935763889,0.9249985244539048,0.6867136504915026,0.2834353380733066,76150.22317708333,3284.0895941840276,62219.7578125,0.9235043525695801,0.701673686504364,0.28637751936912537,67373.5390625,3031.959716796875
786,0.4677629166179233,0.468793123960495,0.41022664308547974,671,76810.00572916666,0.9224330398771498,0.6760458244217766,0.2918689747651418,83244.89149305556,3448.447542317708,76628.640625,0.9280996322631836,0.6714636087417603,0.28159236907958984,82565.1015625,3159.044189453125
787,0.44120272133085464,0.4590284526348114,0.41022664308547974,671,70174.21536458333,0.9192574063936869,0.6979733162456089,0.297229266166687,76273.83055555556,3317.9359754774305,81527.5234375,0.9255345463752747,0.6802191138267517,0.29215946793556213,88086.9609375,3106.561279296875
788,0.45945121513472664,0.47910386323928833,0.41022664308547974,671,71452.1953125,0.9185167802704706,0.6834387249416776,0.2994415402412415,77739.41927083333,3359.732866753472,54520.99609375,0.9082019329071045,0.672733724117279,0.316179484128952,60031.80078125,3060.7763671875
789,0.4518624888526069,0.4664621353149414,0.41022664308547974,671,73321.99548611112,0.9225483311547173,0.6876696162753635,0.28976648052533466,79441.90052083334,3400.647781032986,67989.5625,0.9133426547050476,0.6856669187545776,0.30831143260002136,74440.3671875,3495.314208984375
790,0.4649571273061964,0.4650707244873047,0.41022664308547974,671,74199.85269097223,0.917903044488695,0.6808144569396972,0.29987517529063756,80801.91649305556,3598.5173177083334,55010.92578125,0.9152980446815491,0.6781410574913025,0.30040836334228516,60101.65234375,3068.524169921875
791,0.4604524678654141,0.4953295886516571,0.41022664308547974,671,73348.4595486111,0.9223111338085599,0.6814933657646179,0.2885935260189904,79350.94930555555,3439.1589518229166,70108.0234375,0.9244036674499512,0.6520479321479797,0.28552788496017456,75841.3515625,3297.73291015625
792,0.46453176736831664,0.4611484706401825,0.41022664308547974,671,75564.87690972222,0.9199763735135397,0.6789307223425971,0.2959795852502187,82104.09340277778,3536.3105523003474,76467.5390625,0.9288284182548523,0.6746248602867126,0.2769976258277893,82326.875,3375.950927734375
793,0.4627907978163825,0.477548211812973,0.41022664308547974,671,74555.05625,0.9224974499808417,0.6800711856948005,0.28976778321795993,80745.88229166667,3491.9021267361113,84397.09375,0.9412614107131958,0.6631602644920349,0.25062045454978943,89663.8203125,3128.918701171875
794,0.44397569961018035,0.49863967299461365,0.41022664308547974,671,70415.83246527778,0.9205577492713928,0.6963148249520196,0.29445902042918737,76486.86232638889,3288.4145562065974,74448.203125,0.9362439513206482,0.6466906070709229,0.2566828429698944,79517.953125,3525.288330078125
795,0.459036652247111,0.48347362875938416,0.41022664308547974,671,72447.1515625,0.9209257231818305,0.6855213933520847,0.2942223535643684,78623.10503472222,3378.1295518663196,79392.84375,0.9193020462989807,0.6600014567375183,0.2984524369239807,86362.0859375,3700.813232421875
796,0.4561347391870287,0.5010947585105896,0.41022664308547974,671,64267.69149305556,0.9169661892784966,0.6857885903782315,0.29817574090427823,70045.41579861111,3417.234109157986,72138.9765625,0.9091357588768005,0.6523935198783875,0.32124051451683044,79348.9609375,3506.047607421875
797,0.46190664370854695,0.4667828679084778,0.41022664308547974,671,78662.01996527778,0.9248353825675116,0.6806910289658441,0.28750870956314933,84983.75052083333,3402.3347276475693,58219.71875,0.9192442297935486,0.6761559844017029,0.2914060056209564,63334.33203125,3261.344482421875
798,0.45850898888376024,0.47754010558128357,0.41022664308547974,671,81129.6263888889,0.9269279652171665,0.6830858641200596,0.28194800449742213,87452.89322916667,3480.12001953125,76346.0,0.9210295081138611,0.6724385619163513,0.29766082763671875,82892.0234375,3299.827392578125
799,0.4584595216645135,0.43494173884391785,0.41022664308547974,671,72370.9453125,0.9177522910965814,0.6849236607551574,0.29967859122488233,78849.89357638889,3556.006222873264,63515.2890625,0.9177376627922058,0.7010756731033325,0.2987971603870392,69208.546875,3199.90869140625
800,0.47658628821372984,0.4693165421485901,0.41022664308547974,671,73870.28880208333,0.9191401190227932,0.6704316377639771,0.29636492398050096,80396.84991319444,3668.69052734375,83911.234375,0.9314166307449341,0.6721893548965454,0.2759290039539337,90089.90625,3219.40478515625
801,0.4560263646973504,0.4296872317790985,0.41022664308547974,671,68124.56467013889,0.9161617358525594,0.6857538766331143,0.30097869634628294,74219.86371527778,3424.1194986979167,55394.65234375,0.9303985834121704,0.7003045082092285,0.26707446575164795,59538.625,3028.777099609375
802,0.45899148450957405,0.5331710577011108,0.41022664308547974,671,66505.00390625,0.91401686668396,0.6876963390244378,0.30493314729796517,72670.09262152777,3474.683371310764,85890.5546875,0.9377344846725464,0.6188474297523499,0.25996410846710205,91593.6796875,3204.7685546875
803,0.46086403992440966,0.48805925250053406,0.41022664308547974,671,76907.5453125,0.9213073584768507,0.6835212561819288,0.2940009461508857,83461.40329861111,3528.196218532986,94960.4140625,0.9445213675498962,0.6492591500282288,0.24002735316753387,100538.1328125,3777.12744140625
804,0.45994843509462147,0.49177685379981995,0.41022664308547974,671,72760.37100694445,0.922690384917789,0.6830607136090596,0.290508629878362,78819.85859375,3363.899625651042,84307.515625,0.9257599711418152,0.6563526391983032,0.2881822884082794,91068.4375,3439.326904296875
805,0.46863149205843607,0.4455412030220032,0.41022664308547974,671,79136.40190972222,0.9184499541918437,0.6761744300524394,0.30013526611857944,85983.18637152777,3560.7713541666667,56725.7265625,0.9227363467216492,0.6875712275505066,0.28390181064605713,61475.55078125,3145.578857421875
806,0.4762352168560028,0.4775821268558502,0.41022664308547974,671,73764.76822916667,0.9161330382029216,0.6715677989853753,0.3030404455131955,80532.628125,3676.5082411024305,78858.2421875,0.930056095123291,0.665529191493988,0.27874869108200073,84788.6953125,3083.043212890625
807,0.4576435142093235,0.5255264639854431,0.41022664308547974,671,73096.66553819444,0.9201146417193943,0.6846356961462233,0.29608161118295456,79417.90052083334,3412.3449652777776,91749.828125,0.9172942042350769,0.6330808401107788,0.30797436833381653,100022.25,3913.653076171875
808,0.4472540431552463,0.47394344210624695,0.41022664308547974,671,72581.35746527778,0.923691193262736,0.6907594972186618,0.2859604961342282,78459.52065972223,3412.7976182725693,88603.4765625,0.928169310092926,0.6683846116065979,0.28545910120010376,95460.46875,3345.878173828125
809,0.4623822536733415,0.45035457611083984,0.41022664308547974,671,76722.9388888889,0.9197010768784417,0.6795582373936971,0.29750991264979043,83393.20399305556,3552.063064236111,77604.6796875,0.9432716965675354,0.6863259077072144,0.24253731966018677,82271.8203125,3185.535888671875
810,0.45953774584664236,0.460342139005661,0.41022664308547974,671,74557.27309027778,0.9196324970987108,0.6830515795283847,0.29527139796151053,80996.14713541667,3615.435845269097,81907.6875,0.9409742951393127,0.6740198135375977,0.2505759298801422,87045.6171875,3118.170166015625
811,0.47225519948535494,0.4724521338939667,0.41022664308547974,671,76189.60164930555,0.91851859887441,0.6725793308681912,0.29758739471435547,82858.51128472222,3712.553342013889,73609.4609375,0.9269788861274719,0.6684311032295227,0.2818821370601654,79407.9140625,3229.438720703125
812,0.44924536943435667,0.4837912619113922,0.41022664308547974,671,66951.93385416667,0.9159105552567376,0.6928803748554654,0.30259604387813144,73068.79930555556,3395.3080457899305,59961.8515625,0.9271878004074097,0.6568412184715271,0.2803839445114136,64670.6640625,2696.7802734375
813,0.46575536794132655,0.48420611023902893,0.41022664308547974,671,76828.61953125,0.9231909010145399,0.6761809560987685,0.2892966555224525,83198.18628472222,3500.0457628038193,71753.5546875,0.9247896671295166,0.6605880856513977,0.28132951259613037,77589.0546875,3708.32421875
814,0.47000916401545206,0.43958449363708496,0.41022664308547974,671,74511.04791666666,0.9163872838020325,0.6770568317837186,0.30316642655266657,81200.59635416667,3622.4083333333333,77780.1015625,0.9428732395172119,0.6894931197166443,0.245292529463768,82492.640625,2982.388427734375
815,0.4685311708185408,0.5013208389282227,0.41022664308547974,671,68728.87795138889,0.9146715667512682,0.6778915365537007,0.3025729841656155,75092.8625,3722.6090169270833,105320.6484375,0.9336698651313782,0.6444253921508789,0.2785329520702362,112802.875,3355.643798828125
816,0.46304342415597705,0.496908575296402,0.41022664308547974,671,73067.51215277778,0.9158632556597391,0.6817061490482754,0.30260186857647364,79699.20399305556,3669.1470540364585,69961.890625,0.909997284412384,0.6570495963096619,0.3114350736141205,76881.4296875,3991.188232421875
817,0.46898951729138694,0.4812079966068268,0.41022664308547974,671,73460.92039930556,0.9165692130724589,0.6758395923508538,0.3014632960160573,80035.20260416667,3626.8269205729166,85876.6171875,0.9474251866340637,0.6549451947212219,0.23955433070659637,90642.109375,2626.859375
818,0.4476326955689324,0.43463125824928284,0.41022664308547974,671,69953.98055555555,0.9200805266698201,0.6923018813133239,0.29413904680146113,75969.63229166667,3402.094677734375,77604.1875,0.9331856966018677,0.7001261115074158,0.26896896958351135,83160.5,3149.48779296875
819,0.44555504785643685,0.4791928231716156,0.41022664308547974,671,72203.08402777778,0.9227574679586622,0.6931322627597385,0.2888592547840542,78210.30243055556,3441.036935763889,87629.34375,0.9256108999252319,0.666482150554657,0.29229092597961426,94671.8984375,3317.56884765625
820,0.47777997718917,0.47492751479148865,0.41022664308547974,671,77097.95972222222,0.917903212706248,0.6697757336828444,0.2991391579310099,83963.89739583334,3793.2358506944443,69401.5625,0.923032820224762,0.6688922047615051,0.2909642457962036,75188.6171875,3106.049560546875
821,0.4625030676523844,0.5515538454055786,0.41022664308547974,671,73682.41649305556,0.9177477280298869,0.6817755156093174,0.29931384722391763,80281.67916666667,3638.655202907986,91745.2734375,0.9198680520057678,0.6097941994667053,0.2935013771057129,99737.4296875,4653.41650390625
822,0.45122368534406027,0.4721647799015045,0.41022664308547974,671,67406.09140625,0.9153002434306674,0.6904020521375868,0.30143962502479554,73577.95642361112,3595.7993977864585,93861.8125,0.9335538148880005,0.6685776710510254,0.27080631256103516,100542.4765625,3547.82861328125
823,0.4675860265890757,0.47972264885902405,0.41022664308547974,671,74951.62690972222,0.9162117017640008,0.6775997161865235,0.30140298737419974,81658.47083333334,3696.308306206597,76903.3828125,0.9258732199668884,0.6659399271011353,0.2820122241973877,83060.3828125,3610.83837890625
824,0.4601698464817471,0.43542057275772095,0.41022664308547974,671,78022.99618055555,0.9218274023797777,0.6821558316548665,0.29228760136498344,84636.00451388888,3623.621023220486,56166.1875,0.9163530468940735,0.7030308246612549,0.3003265857696533,61293.17578125,2951.0908203125
825,0.45104297598203025,0.4563452899456024,0.41022664308547974,671,70112.28914930555,0.9115118649270799,0.6927410324414571,0.31093600657251147,76828.78125,3668.8158365885415,67401.703125,0.9439613819122314,0.6791208386421204,0.2391483038663864,71403.03125,3006.333984375
826,0.44650029540061953,0.458818256855011,0.41022664308547974,671,75287.34184027778,0.9230727473894755,0.6928561488787334,0.2885527378982968,81558.11215277777,3529.7050726996526,60278.9140625,0.9207872748374939,0.6805158257484436,0.2889068126678467,65464.5390625,3277.90234375
827,0.45775579942597283,0.4493548572063446,0.41022664308547974,671,75186.38958333334,0.9200435426500109,0.6841597080230712,0.2932125767072042,81606.99600694445,3696.508110894097,77113.0234375,0.9289049506187439,0.6794700622558594,0.2782343626022339,83014.9765625,3280.90869140625
828,0.457318506638209,0.5003287196159363,0.41022664308547974,671,78552.09435763888,0.920928152402242,0.6849756889873081,0.2940398282474942,85195.4751736111,3642.1037109375,72522.8125,0.9249897599220276,0.656757116317749,0.2883228659629822,78403.90625,3080.64697265625
829,0.45306725104649864,0.518265962600708,0.41022664308547974,671,68256.03246527778,0.9191628005769518,0.6874120314915975,0.2950551860862308,74256.51215277778,3502.9513020833333,76745.7890625,0.9148757457733154,0.6393752694129944,0.2982235848903656,83886.5703125,4692.5771484375
830,0.454318239291509,0.5078722238540649,0.41022664308547974,671,64049.336197916666,0.911586774720086,0.6903177658716838,0.3092016597588857,70288.58324652778,3574.15595703125,78461.453125,0.9380965232849121,0.6363131403923035,0.25793910026550293,83639.0,3016.38818359375
831,0.45870475636588204,0.4529384672641754,0.41022664308547974,671,67037.22760416666,0.9141828854878743,0.6866604950692918,0.3058901111284892,73265.9907986111,3423.4437065972224,70341.15625,0.9248446822166443,0.6858157515525818,0.2887541651725769,76057.265625,2987.629638671875
832,0.46334215203921,0.4624384939670563,0.41022664308547974,671,75167.76666666666,0.924217148621877,0.6803321242332458,0.2870159049828847,81318.58159722222,3515.0546603732637,70500.7890625,0.9229549169540405,0.6745719909667969,0.28891900181770325,76385.953125,3328.16650390625
833,0.4576473573843638,0.4590153694152832,0.41022664308547974,671,73385.69036458334,0.9202625420358446,0.6828538020451863,0.2931889560487535,79749.54982638889,3656.0086534288193,74352.0546875,0.9286648035049438,0.6772114634513855,0.2809690833091736,80063.390625,3006.549072265625
834,0.44982825848791336,0.4164845645427704,0.41022664308547974,671,69096.24375,0.9177178502082824,0.6916722098986308,0.2983692632781135,75207.88732638888,3433.8676595052084,58840.15234375,0.9219144582748413,0.7168273329734802,0.28981485962867737,63823.875,2895.212646484375
835,0.4759268283843994,0.4721011221408844,0.41022664308547974,671,75987.2798611111,0.918375489446852,0.669587665134006,0.29529063635402253,82657.19036458334,3907.090885416667,81203.4296875,0.9323582053184509,0.669022262096405,0.27306681871414185,87094.671875,3140.041015625
836,0.4520925296677483,0.4877396523952484,0.41022664308547974,671,65901.03420138889,0.9103526737954881,0.6896958933936225,0.3101276159286499,72268.09618055556,3675.885763888889,69064.34375,0.9215309023857117,0.6621647477149963,0.28726351261138916,74945.2265625,3747.98046875
837,0.4530167599519094,0.44129958748817444,0.41022664308547974,671,64984.55121527778,0.912460900677575,0.6899804340468513,0.3073197172747718,71202.50590277778,3574.9710991753473,61308.26171875,0.917976975440979,0.7013790011405945,0.30014628171920776,66786.2734375,2954.88232421875
838,0.4664613664150238,0.5073413252830505,0.41022664308547974,671,75532.23541666666,0.9210881445142958,0.6781403130955166,0.290370817316903,81857.52803819445,3706.272390407986,96997.9765625,0.9363391995429993,0.6372583508491516,0.26444801688194275,103592.7734375,3555.667724609375
839,0.4588478518856896,0.49637776613235474,0.41022664308547974,671,78829.0611111111,0.9236496448516845,0.6830607626173232,0.2884773413340251,85330.3015625,3574.6673231336804,82387.515625,0.9354053735733032,0.6524333953857422,0.2589113414287567,88076.8046875,3869.68798828125
840,0.45999262200461494,0.49629297852516174,0.41022664308547974,671,72738.20182291667,0.9158994634946187,0.6818662352032132,0.30095178418689306,79346.75017361112,3789.938888888889,88597.4921875,0.9333973526954651,0.6473740935325623,0.2661418616771698,94919.375,3839.712646484375
841,0.455801651875178,0.5169317126274109,0.41022664308547974,671,71474.76206597222,0.9181426207224528,0.6866383168432447,0.29833563367525734,77860.85625,3568.7458387586807,107332.8125,0.9367060661315918,0.6288248300552368,0.263594388961792,114585.375,3918.742919921875
842,0.4482224192884233,0.508118212223053,0.41022664308547974,671,67908.06467013889,0.9188984963628981,0.6919949637518988,0.2944974058204227,73855.29505208334,3507.289621310764,95642.3203125,0.9446917772293091,0.636528730392456,0.23748323321342468,101241.828125,4232.47607421875
843,0.46750431259473163,0.4619121253490448,0.41022664308547974,671,77454.13784722223,0.9198099189334445,0.6766959773169623,0.29497301114930047,84190.62795138889,3798.309781901042,92579.1953125,0.9487944841384888,0.6652325987815857,0.23128361999988556,97575.6015625,3285.539794921875
844,0.4556264148818122,0.5003081560134888,0.41022664308547974,671,69640.80868055555,0.92028814819124,0.6834169612990485,0.29152976738082037,75580.01961805555,3525.9173719618057,96630.9296875,0.9295790791511536,0.645245373249054,0.2783227562904358,103951.2734375,3929.868896484375
845,0.46326954695913525,0.4791114926338196,0.41022664308547974,671,81798.46857638888,0.9217996425098843,0.6778023362159729,0.29128874010509914,88697.98229166666,3876.909000651042,98377.3828125,0.9336782693862915,0.6638237833976746,0.2692519724369049,105365.3984375,3830.856201171875
846,0.47828300926420425,0.4872283935546875,0.41022664308547974,671,81506.96961805556,0.9197086930274964,0.669615360101064,0.2955615758895874,88566.0717013889,3911.1079969618054,67114.4375,0.8989801406860352,0.6616705060005188,0.33307239413261414,74656.1953125,4070.358642578125
847,0.4533852842119005,0.4970339238643646,0.41022664308547974,671,73369.06119791667,0.9243005646599664,0.6852545632256402,0.2843036009205712,79361.16944444444,3586.4298231336807,84273.4609375,0.9311033487319946,0.6434106230735779,0.26865053176879883,90509.2421875,4045.440673828125
848,0.4613899389902751,0.44054552912712097,0.41022664308547974,671,70679.98368055555,0.916658325990041,0.6810409479671055,0.29915013909339905,77018.65277777778,3661.546695963542,54164.875,0.8998249769210815,0.7013058066368103,0.32725808024406433,60194.90234375,3585.80859375
849,0.4414254718356662,0.43695583939552307,0.41022664308547974,671,69743.43177083334,0.9139197667439779,0.6973490489853753,0.30642210907406275,76258.72899305556,3582.6336046006945,67163.625,0.9109755754470825,0.7007765173912048,0.31292346119880676,73727.140625,3524.071044921875
850,0.4674077398247189,0.4655326008796692,0.41022664308547974,671,77758.21041666667,0.9191194732983907,0.6771351867251926,0.29657517936494615,84510.4232638889,3777.946847873264,66503.3046875,0.9221062660217285,0.6707344055175781,0.2840561866760254,72121.0859375,3854.974365234375
851,0.45447127487924366,0.46928292512893677,0.41022664308547974,671,70932.06961805555,0.9188788506719802,0.6873406449953715,0.2951508707470364,77193.46128472222,3648.299001736111,68185.5625,0.915116548538208,0.6741025447845459,0.30163440108299255,74510.25,3723.055419921875
852,0.4614905741479662,0.4863598942756653,0.41022664308547974,671,67554.57065972222,0.9114486085044013,0.6837472213639153,0.30878683659765455,74162.96163194445,3800.955512152778,70911.6484375,0.9193108677864075,0.6649174094200134,0.29825058579444885,77135.65625,3316.722412109375
853,0.4689417216512892,0.45097634196281433,0.41022664308547974,671,76740.8875,0.9158677922354804,0.6767805364396837,0.3030164592795902,83679.02352430555,3826.1948079427084,45006.28515625,0.9153448939323425,0.6942178010940552,0.2940518260002136,49168.6640625,3109.814453125
854,0.46211206118265785,0.47904226183891296,0.41022664308547974,671,84214.26111111112,0.9234867917166816,0.6786650896072388,0.28865112132496307,91124.49704861111,3814.3752821180556,67463.0078125,0.9279938340187073,0.6584112048149109,0.27587559819221497,72697.6875,3262.9453125
855,0.4729500088426802,0.4346143901348114,0.41022664308547974,671,79513.1671875,0.9216836664411757,0.6708244774076674,0.2900455700026618,86181.42118055555,3841.629074435764,67576.5546875,0.9339958429336548,0.6944050192832947,0.2600961923599243,72352.09375,3488.1328125
856,0.44782155487272474,0.4586794376373291,0.41022664308547974,671,75706.55407986112,0.9181549072265625,0.6906733420160082,0.29774783187442355,82421.9935763889,3793.488134765625,50449.90234375,0.9007629752159119,0.6918094754219055,0.328713059425354,56007.96484375,3088.6328125
857,0.4678800947136349,0.4991132318973541,0.41022664308547974,671,78994.01458333334,0.9195826437738207,0.6771738515959845,0.2946919964419471,85814.40833333334,3899.778466796875,74730.765625,0.9154967665672302,0.6529035568237305,0.30713266134262085,81628.6484375,3531.686767578125
858,0.4556039339966244,0.4968254268169403,0.41022664308547974,671,77830.73628472222,0.9184439010090298,0.6829272945721944,0.29875474572181704,84687.10833333334,3727.523459201389,109581.625,0.9403058886528015,0.6410613656044006,0.25441887974739075,116538.2734375,3922.78125
859,0.4741856118043264,0.508004367351532,0.41022664308547974,671,81723.984375,0.9224719458156162,0.6682707852787442,0.28935608466466267,88559.49166666667,3935.8848687065974,79455.8046875,0.9171954393386841,0.6415473818778992,0.2979245185852051,86629.0859375,4222.1181640625
860,0.45429087347454494,0.48709526658058167,0.41022664308547974,671,71366.41302083334,0.9135280847549438,0.6881763948334588,0.30488875442081026,77980.02361111112,3825.8323133680556,82342.4609375,0.9213694930076599,0.6616382002830505,0.29817864298820496,89369.640625,3461.357177734375
861,0.46974480350812275,0.47101879119873047,0.41022664308547974,671,76761.7609375,0.9157732168833415,0.675093760755327,0.30097932087050544,83639.96927083333,3932.765234375,79180.7578125,0.9258112907409668,0.6746620535850525,0.28663650155067444,85525.8046875,3331.417236328125
862,0.4667973220348358,0.4324696660041809,0.41022664308547974,671,78655.82395833333,0.9213689380221897,0.6751031703419156,0.28978125784132214,85329.25677083334,3968.688020833333,82408.4140625,0.9333181381225586,0.6924020648002625,0.27153804898262024,88296.1640625,3106.991943359375
863,0.44360973636309303,0.453212708234787,0.41022664308547974,671,70351.37803819444,0.922096934583452,0.6919889794455634,0.28996608124838935,76274.67222222222,3397.1400770399305,51441.13671875,0.8966472744941711,0.6846383810043335,0.3285117447376251,57370.5390625,3906.77197265625
864,0.4711988866329193,0.44967222213745117,0.41022664308547974,671,78983.49583333333,0.9177838272518581,0.6723844713634914,0.29820380608240765,86031.44149305555,4035.2662651909723,58803.3828125,0.9256195425987244,0.6851423382759094,0.27938106656074524,63528.67578125,3040.600830078125
865,0.4664857937230004,0.49429455399513245,0.41022664308547974,671,74420.10677083333,0.913693736659156,0.6781999574767219,0.3047287046909332,81401.56371527778,4051.7978678385416,70118.6640625,0.9194843769073486,0.6577557325363159,0.291933536529541,76258.6796875,3802.73828125
866,0.4499628828631507,0.4647703170776367,0.41022664308547974,671,75263.01006944444,0.9209231482611762,0.689974221918318,0.2917214771111806,81674.71006944444,3701.0031629774307,76342.578125,0.931358814239502,0.6686997413635254,0.2689366042613983,81969.03125,3554.57421875
867,0.45346784128083123,0.4835885167121887,0.41022664308547974,671,68731.7095486111,0.9172212057643466,0.6890114453103807,0.29587113426791295,74825.80277777778,3765.442724609375,69191.296875,0.9259547591209412,0.6658563017845154,0.2828710973262787,74724.2734375,3159.077880859375
868,0.472428168853124,0.48975831270217896,0.41022664308547974,671,79742.16319444444,0.9179900474018521,0.6715705063607957,0.29815900127093,86836.46961805556,4012.411187065972,87295.75,0.9164104461669922,0.6593324542045593,0.30689775943756104,95258.3515625,3963.893798828125
869,0.4646178040239546,0.46880266070365906,0.41022664308547974,671,83739.52378472222,0.9255937960412767,0.6752697613504198,0.2832046018706428,90386.99444444444,3803.2945366753474,54000.55078125,0.8944226503372192,0.682982861995697,0.33690017461776733,60374.7578125,3710.503173828125
870,0.4625658313433329,0.3995717167854309,0.3995717167854309,870,75982.68385416667,0.9185474024878608,0.68169238169988,0.29647282759348553,82727.59704861112,3827.681521267361,62363.1953125,0.9124349355697632,0.7237118482589722,0.31535258889198303,68348.1015625,2910.199951171875
871,0.45830900337960984,0.48418989777565,0.3995717167854309,870,73103.85329861111,0.9189945896466573,0.6827705211109585,0.29458114835951066,79459.96996527778,3723.1212293836807,70373.0859375,0.9185104966163635,0.6603748202323914,0.2967911958694458,76616.53125,3560.90625
872,0.45473413467407225,0.4718807339668274,0.3995717167854309,870,78789.30746527777,0.9204287052154541,0.6852183911535475,0.29366799460517035,85526.66527777778,3795.7730414496527,62907.7265625,0.9261390566825867,0.6731117367744446,0.277377724647522,67924.7109375,3346.014892578125
873,0.46844366391499836,0.48635560274124146,0.3995717167854309,870,73590.0515625,0.9193711479504904,0.6750613901350233,0.2920078198115031,80000.98645833334,3951.014040798611,70094.390625,0.90547114610672,0.6642026901245117,0.325069785118103,77412.0625,3730.347412109375
874,0.45930717719925773,0.46450573205947876,0.3995717167854309,870,75796.78472222222,0.9144526455137465,0.6829958134227329,0.3038768861028883,82715.61675347222,3937.5462293836804,79234.7734375,0.9288697242736816,0.6768507361412048,0.27680742740631104,85302.3515625,3504.624267578125
875,0.45794545279608834,0.5043384432792664,0.3995717167854309,870,70378.08602430555,0.9128889785872565,0.6835192455185785,0.30609592530462476,77040.00842013888,3869.1673394097224,92989.7890625,0.9223402738571167,0.6503355503082275,0.2931261956691742,100819.3984375,4123.900390625
876,0.45102996362580194,0.5030922889709473,0.3995717167854309,870,71667.08871527777,0.9153532730208502,0.6886380222108629,0.3002224220169915,78165.78697916666,3906.9898763020833,93629.921875,0.9303767681121826,0.6439211964607239,0.27670496702194214,100636.5625,3763.88525390625
877,0.46460715995894536,0.5283802151679993,0.3995717167854309,870,72663.92864583334,0.9179796126153734,0.6769126627180312,0.2958876550197601,79066.23645833334,3811.0745225694445,111463.8125,0.9348414540290833,0.619440495967865,0.26151371002197266,119232.8515625,4995.05078125
878,0.4663023206922743,0.4675006866455078,0.3995717167854309,870,80421.00763888888,0.9207551081975301,0.6778517829047309,0.292117569843928,87248.95416666666,3928.097699652778,70632.6328125,0.9148246645927429,0.6734389662742615,0.30558228492736816,77208.9296875,3568.734375
879,0.4619888583819071,0.46044063568115234,0.3995717167854309,870,68379.60086805555,0.9124247153600057,0.6811838454670376,0.30504811737272475,74856.5454861111,3903.5634874131943,64778.6953125,0.9166961312294006,0.6828104257583618,0.297810822725296,70665.3984375,3558.72265625
880,0.453059012360043,0.4602631628513336,0.3995717167854309,870,75495.88741319445,0.9156618237495422,0.688730177614424,0.30170776976479424,82390.06059027778,3909.9320258246526,66333.1328125,0.9221330881118774,0.6784676909446716,0.2839527130126953,71934.4453125,3853.389404296875
881,0.46407888730367025,0.4390835762023926,0.3995717167854309,870,73462.73324652777,0.9181056433253818,0.6782977859179179,0.29488085640801326,79937.56527777777,3871.7491265190974,55904.15234375,0.9199753403663635,0.6922010779380798,0.2892780601978302,60767.01171875,3182.08154296875
882,0.4410265889432695,0.4131578505039215,0.3995717167854309,870,71663.75572916666,0.9138700538211398,0.6972623215781317,0.3047210693359375,78398.159375,3868.307438151042,74221.5546875,0.9201751351356506,0.7147112488746643,0.2989156246185303,80660.25,3268.99267578125
883,0.4449948529402415,0.4948297441005707,0.3995717167854309,870,71609.46892361112,0.9222814400990804,0.6927544805738661,0.2882401400142246,77592.29739583333,3540.0500108506944,61643.5390625,0.9200820922851562,0.6533482670783997,0.2859630584716797,66997.8671875,3951.85400390625
884,0.45328597558869255,0.4887329041957855,0.3995717167854309,870,69778.93194444444,0.9116464032067193,0.6885183201895819,0.30787986053360833,76491.47326388888,3920.871370442708,86626.4140625,0.934745728969574,0.6543481349945068,0.26401910185813904,92673.7734375,3608.31640625
885,0.4592055532667372,0.4678742587566376,0.3995717167854309,870,72950.67013888889,0.9122110247612,0.6828995280795627,0.30727759268548754,79863.87690972222,3951.5909016927085,81226.2265625,0.9338489770889282,0.6645779013633728,0.2634117007255554,86980.046875,3715.208984375
886,0.46608700222439237,0.4508565068244934,0.3995717167854309,870,76095.79357638888,0.9201345668898688,0.6757092383172777,0.29108200205696955,82636.84670138889,4028.125509982639,50098.640625,0.9081588387489319,0.691278338432312,0.31767940521240234,55165.0625,2728.524169921875
887,0.4628640128506554,0.388982355594635,0.388982355594635,887,73163.02135416666,0.9148386518160502,0.6805712713135613,0.3041557961040073,79937.08663194445,3848.81689453125,61688.35546875,0.9334959983825684,0.7342457175254822,0.26157110929489136,66083.1484375,3134.84912109375
888,0.46934876839319867,0.4555217921733856,0.388982355594635,887,70179.7828125,0.9135516073968676,0.6761686695946587,0.30242453813552855,76765.66631944444,4103.189572482639,63373.8515625,0.913943350315094,0.6808845400810242,0.30195191502571106,69341.1171875,3681.390380859375
889,0.46713090538978574,0.4508325755596161,0.388982355594635,887,82204.340625,0.9158266451623704,0.6765757481257121,0.3024619460105896,89748.29739583333,4203.011143663194,67596.4375,0.9247965812683105,0.6883746385574341,0.280788779258728,73093.3046875,3552.623779296875
890,0.4618925531705221,0.4674654006958008,0.388982355594635,887,76191.05954861111,0.9180002397961087,0.6802736163139343,0.29551009138425194,82860.34010416667,3951.7536458333334,70038.6484375,0.9339255690574646,0.6688214540481567,0.26198986172676086,74993.8203125,3349.98876953125
891,0.464034198390113,0.4705500602722168,0.388982355594635,887,69998.71440972222,0.9116097423765395,0.6793778326776293,0.3077966524495019,76775.33020833334,3958.416449652778,69456.71875,0.9042816162109375,0.6823180317878723,0.3228049576282501,76808.7265625,4089.114013671875
892,0.45516889558898077,0.4370718002319336,0.388982355594635,887,69449.36623263889,0.912366411421034,0.6871890412436591,0.3056909316115909,76046.99592013888,3894.949533420139,57791.5,0.924348771572113,0.6909330487251282,0.2817661464214325,62521.3125,3042.531005859375
893,0.45915818876690334,0.48004254698753357,0.388982355594635,887,68557.90651041667,0.9112772425015767,0.6828056110276116,0.30801104240947297,75152.68151041666,3893.0511338975693,72909.8984375,0.9176284074783325,0.6588706374168396,0.2935757339000702,79454.7109375,4273.2919921875
894,0.4696524692906274,0.5090287327766418,0.388982355594635,887,77277.0890625,0.914541216691335,0.6745217985577053,0.3025525788466136,84394.29756944445,4206.2881076388885,79930.75,0.9210697412490845,0.6439648270606995,0.29449737071990967,86780.34375,3689.323974609375
895,0.45239664382404754,0.46650806069374084,0.388982355594635,887,71733.64635416666,0.9155370367897882,0.6915350635846456,0.3029410766230689,78308.69045138889,3757.076372612847,91260.2890625,0.9356046319007874,0.6715912222862244,0.2640840411186218,97541.5078125,3557.6875
896,0.4596353232860565,0.49500223994255066,0.388982355594635,887,76990.61354166667,0.9201385365592109,0.682555709944831,0.29282020661565994,83694.31701388888,3915.596999782986,77923.3359375,0.9136431813240051,0.6517964601516724,0.3019566535949707,85288.5859375,4612.06396484375
897,0.46655933062235516,0.4674679934978485,0.388982355594635,887,78860.03975694445,0.9163147608439127,0.678206635846032,0.2999614589744144,85908.06631944445,4064.8234266493055,73944.5859375,0.931600034236908,0.6739398241043091,0.263940691947937,79373.75,4141.83349609375
898,0.45837629238764444,0.44880667328834534,0.388982355594635,887,70860.23177083333,0.9189851535691156,0.6823170516226027,0.2929752336608039,77136.51111111112,3848.4176106770833,48738.48046875,0.915462851524353,0.6921998262405396,0.2930642068386078,53239.16796875,3499.083984375
899,0.4581197381019592,0.44951897859573364,0.388982355594635,887,74148.09479166666,0.9192819542355007,0.6823855956395467,0.2925921161969503,80611.35954861112,3933.0537055121526,49436.1171875,0.8926547169685364,0.697655975818634,0.3427325487136841,55381.0078125,3248.825439453125
900,0.4705279032389323,0.4630497992038727,0.388982355594635,887,70742.7546875,0.9071724004215664,0.6760810547404819,0.3157131016254425,77986.26024305556,4262.02880859375,57433.28125,0.9237979650497437,0.6788862347602844,0.2841619551181793,62170.82421875,2921.12158203125
901,0.4728878306017982,0.4436710476875305,0.388982355594635,887,73290.73663194444,0.9108646909395853,0.6722003830803766,0.30927699539396497,80372.978125,4154.03818359375,60794.4140625,0.913737416267395,0.6905938982963562,0.30024972558021545,66533.7890625,3765.48681640625
902,0.45291161139806113,0.5069250464439392,0.388982355594635,887,70106.97803819444,0.9140609118673536,0.6867977129088507,0.30155122876167295,76546.36276041667,3895.1458550347224,75264.078125,0.9136842489242554,0.6498528718948364,0.30136576294898987,82374.2734375,4519.97607421875
903,0.44863710933261447,0.50873863697052,0.388982355594635,887,75240.94470486112,0.9174552626079984,0.6885274397002326,0.29630997048483954,81864.27534722222,3936.6838975694445,95893.4921875,0.922278881072998,0.6439224481582642,0.2877669036388397,103974.5078125,4871.10107421875
904,0.46651026076740687,0.4241700768470764,0.388982355594635,887,76882.38298611112,0.9158062683211432,0.6766251259379916,0.30060936212539674,83932.41458333333,4125.377983940973,59073.46484375,0.9113990068435669,0.7116243243217468,0.309421569108963,64816.25,3279.807861328125
905,0.4564082794719272,0.4887720048427582,0.388982355594635,887,67247.95225694444,0.9143403834766812,0.685477434264289,0.3011375175582038,73566.26059027777,3878.4090766059026,68434.9765625,0.9140996336936951,0.6622726321220398,0.29916808009147644,74865.9921875,4282.81640625
906,0.45429914991060893,0.4684302508831024,0.388982355594635,887,74485.39305555556,0.9169305205345154,0.6853432986471388,0.2960455033514235,81107.36423611111,4095.3692220052085,51796.45703125,0.8980781435966492,0.6741863489151001,0.32918474078178406,57674.77734375,3573.892333984375
907,0.4574264261457655,0.5040231347084045,0.388982355594635,887,73716.85277777778,0.9187863270441691,0.6824669122695923,0.2945943428410424,80222.97534722222,3844.8299479166667,80531.890625,0.9136147499084473,0.6501542329788208,0.3045597970485687,88146.4453125,4452.794921875
908,0.4615606102678511,0.45615696907043457,0.388982355594635,887,74778.43741319445,0.9168170134226481,0.679914367198944,0.29824353059132896,81567.76440972222,4013.4555555555557,59402.02734375,0.9192034006118774,0.683792769908905,0.2918291687965393,64623.375,3293.534423828125
909,0.4497292326556312,0.49186769127845764,0.388982355594635,887,69873.5234375,0.9131816029548645,0.690620956155989,0.3046880622704824,76422.1296875,3863.4995985243054,71565.0625,0.915696918964386,0.6573168635368347,0.2989073693752289,78153.65625,4059.548583984375
910,0.4789171026812659,0.4404345154762268,0.388982355594635,887,84373.85260416666,0.9189405547247993,0.6650979373190138,0.2941283795568678,91731.26770833334,4348.701274956597,61843.26953125,0.928382158279419,0.6959978342056274,0.27177339792251587,66614.0234375,3355.152099609375
911,0.4644902831978268,0.4723147451877594,0.388982355594635,887,74860.54357638888,0.9147612161106533,0.6794373737441168,0.3021147436565823,81809.06545138889,4114.19554578993,64876.1015625,0.922874391078949,0.6681491732597351,0.2827649712562561,70297.8671875,3704.614501953125
912,0.4695721897814009,0.4755493700504303,0.388982355594635,887,82366.44982638888,0.9172844939761692,0.673210636774699,0.2982833849059211,89684.50538194444,4212.3823459201385,57168.3203125,0.9018738865852356,0.6679762005805969,0.319821834564209,63388.375,4133.36962890625
913,0.4676069312625461,0.47978028655052185,0.388982355594635,887,69111.63741319445,0.9112701588206821,0.6762215521600511,0.30661895010206436,75813.2984375,4168.118353949652,58271.67578125,0.9075039625167847,0.6693264842033386,0.3128843307495117,64210.93359375,3680.021240234375
914,0.44573248359892104,0.47189369797706604,0.388982355594635,887,69376.76510416667,0.9158148898018731,0.6934095607863532,0.298689243528578,75733.54166666667,3856.059982638889,81556.2109375,0.9309356808662415,0.6742058992385864,0.27119332551956177,87606.7109375,3655.53759765625
915,0.45633946458498637,0.46382638812065125,0.388982355594635,887,69022.325,0.9136820885870192,0.6862435672018263,0.3035671061939663,75578.4421875,3932.2194932725693,85847.328125,0.9276192784309387,0.673416256904602,0.28232207894325256,92545.8671875,3582.218505859375
916,0.47486934926774765,0.4701680839061737,0.388982355594635,887,85597.82552083333,0.9222848018010458,0.6676344354947408,0.2884340723355611,92700.29635416667,4132.970052083333,62301.83984375,0.89997798204422,0.6745461225509644,0.3287452459335327,69225.9609375,3955.317138671875
917,0.46681571470366584,0.4653608798980713,0.388982355594635,887,79375.2796875,0.9172127432293362,0.6772284401787652,0.2993478642569648,86487.12777777777,4033.3780815972223,69587.6953125,0.9178345799446106,0.6743528246879578,0.2989518940448761,75817.25,3473.900146484375
918,0.4495736559232076,0.4167613089084625,0.388982355594635,887,72902.4484375,0.9203923980394999,0.6872700373331706,0.29003708528147804,79039.13385416666,3749.4438856336806,41286.5703125,0.8814388513565063,0.7235726714134216,0.36016279458999634,46839.97265625,3035.104736328125
919,0.4508173790242937,0.49379801750183105,0.388982355594635,887,76772.85034722222,0.917820754316118,0.6883739087316725,0.29641828338305154,83574.23541666666,4008.7421875,67985.5234375,0.9114969372749329,0.6511339545249939,0.305184543132782,74586.671875,4193.55908203125
920,0.45470128059387205,0.4446784555912018,0.388982355594635,887,74125.78159722222,0.9192851834826999,0.6849603162871467,0.2922046939531962,80647.76527777778,4026.916314019097,73720.828125,0.9301316142082214,0.6904159784317017,0.27191784977912903,79258.4921875,3432.83447265625
921,0.4479121380382114,0.47266197204589844,0.388982355594635,887,77252.82743055555,0.9200559311442905,0.6900068495008681,0.2911139316029019,83889.96788194444,4045.9193250868057,108991.4609375,0.9460494518280029,0.6579029560089111,0.23822589218616486,115206.9375,3955.776611328125
922,0.4531724307272169,0.47736772894859314,0.388982355594635,887,70225.93836805556,0.9149171246422662,0.6868420190281338,0.3000854518678453,76657.78680555556,3971.641943359375,79857.5625,0.9210832118988037,0.669135570526123,0.28975051641464233,86699.6171875,4149.31201171875
923,0.4422054734494951,0.49759045243263245,0.388982355594635,887,69023.19635416666,0.9181222955385844,0.6966152866681417,0.2933044877317217,75150.2279513889,3912.5299370659723,85120.9921875,0.9155769348144531,0.6531258225440979,0.3065091073513031,92969.7890625,4057.826904296875
924,0.46430650949478147,0.44541049003601074,0.388982355594635,887,75407.98628472222,0.9180494692590502,0.6795341081089443,0.29531501465373566,82117.22934027777,4057.1566514756946,66689.453125,0.9154838919639587,0.6956670880317688,0.2975454330444336,72846.125,3994.795654296875
925,0.45358502599928113,0.47865429520606995,0.388982355594635,887,74584.58038194444,0.9185442328453064,0.6861815969149272,0.29278573724958634,81146.99670138888,4101.77021484375,82748.03125,0.9208546280860901,0.6655703186988831,0.289893239736557,89860.0390625,4347.11669921875
926,0.45159138176176283,0.5257704257965088,0.388982355594635,887,69805.42300347223,0.9127045406235589,0.687643211417728,0.3053831762737698,76386.75477430556,3894.291281467014,85835.2578125,0.9163631796836853,0.6268681883811951,0.2973760664463043,93669.4765625,4875.4296875
927,0.4608705368306902,0.45304733514785767,0.388982355594635,887,69024.88229166667,0.9057177782058716,0.685044633017646,0.3165528158346812,76162.90659722222,4322.156846788194,51848.93359375,0.8978263139724731,0.6902384757995605,0.32431039214134216,57749.40234375,4194.49365234375
928,0.4531723452938928,0.49763423204421997,0.388982355594635,887,78978.85347222222,0.9187864171134101,0.6849428521262275,0.29449501633644104,85892.84913194444,4110.0827853732635,107077.375,0.9420410990715027,0.6433536410331726,0.24748460948467255,113665.2890625,4109.31494140625
929,0.450661516851849,0.42348822951316833,0.388982355594635,887,69551.53038194444,0.9128126753701105,0.6914985696474711,0.30334558751848006,76152.18055555556,4096.009841579861,67188.7265625,0.9145337343215942,0.711908757686615,0.3016260266304016,73467.7421875,3799.05859375
930,0.45208200282520716,0.4817604124546051,0.388982355594635,887,79295.31440972222,0.9188174181514316,0.6846158133612739,0.29378755357530384,86241.97552083334,4199.022905815972,84254.390625,0.9272812008857727,0.6606168746948242,0.2781641185283661,90861.75,4004.140625
931,0.4637847794426812,0.46655064821243286,0.388982355594635,887,72316.48420138888,0.9136302100287543,0.678081742922465,0.3025211453437805,79091.37065972222,4155.9260850694445,60074.42578125,0.9158568978309631,0.678973913192749,0.2957777678966522,65593.6796875,3715.632568359375
932,0.4526623851723141,0.4788976311683655,0.388982355594635,887,76092.25677083334,0.9151955644289652,0.686139542526669,0.30109874341222975,82987.75260416667,4048.184157986111,61363.24609375,0.8941324949264526,0.6749200224876404,0.33563992381095886,68628.8046875,4401.8681640625
933,0.44711429211828446,0.48491737246513367,0.388982355594635,887,69014.70833333333,0.9136431283420987,0.69184863169988,0.30261642270618017,75520.49045138889,3994.174826388889,84562.8359375,0.9184856414794922,0.667750358581543,0.2934056520462036,92067.671875,4695.33447265625
934,0.46547038422690495,0.48429274559020996,0.388982355594635,887,69942.93984375,0.9091861446698507,0.6818106359905667,0.31140606072213917,76954.07638888889,4183.581049262153,86692.0234375,0.9311864376068115,0.6536922454833984,0.27159520983695984,93098.4609375,3770.1328125
935,0.4605127566390567,0.44130125641822815,0.388982355594635,887,73015.35989583333,0.9115193512704637,0.6835110240512424,0.3078527980380588,80010.73229166666,4095.4630967881944,49597.0703125,0.8967381119728088,0.69544517993927,0.32985612750053406,55308.3125,3608.190673828125
936,0.4551751567257775,0.48369789123535156,0.388982355594635,887,65172.2359375,0.9075005902184381,0.688671878973643,0.3111825035678016,71742.71944444445,4198.873567708333,74881.4453125,0.9203494787216187,0.6619982719421387,0.2936064600944519,81361.96875,3679.85400390625
937,0.45915905833244325,0.48582106828689575,0.388982355594635,887,73284.52517361111,0.9126870234807333,0.6830409659279717,0.3052350580692291,80307.325,4206.041791449653,78944.7890625,0.9237577319145203,0.6541770100593567,0.28293609619140625,85460.4921875,4182.349609375
938,0.4481474412812127,0.4584413468837738,0.388982355594635,887,72550.04340277778,0.9162115163273281,0.6911993702252706,0.29776472515530056,79153.03020833334,4073.297330729167,67944.3359375,0.930841863155365,0.6831133365631104,0.26922914385795593,72992.3515625,3266.836669921875
939,0.45399759676721363,0.44161033630371094,0.388982355594635,887,71566.56371527778,0.912378458182017,0.6867927485042148,0.3056843664911058,78440.33541666667,4146.455826822917,55548.70703125,0.9179964065551758,0.6949564814567566,0.2904227674007416,60510.8125,3545.559326171875
940,0.45649469362364875,0.4680800437927246,0.388982355594635,887,75310.25399305555,0.9118449012438457,0.6841878135999043,0.3078428162468804,82557.03784722222,4177.095084635416,65966.2109375,0.9144177436828613,0.6727075576782227,0.30347177386283875,72140.125,3580.591552734375
941,0.4490583644972907,0.4709946811199188,0.388982355594635,887,69110.92916666667,0.911766529083252,0.6928810199101766,0.30582226978407967,75804.00190972222,4089.8385091145833,96684.7265625,0.922450840473175,0.6710466146469116,0.2909242510795593,104812.875,4479.51708984375
942,0.4549302472008599,0.4770759642124176,0.388982355594635,887,67077.47586805555,0.9089362250434028,0.6868670556280349,0.3100011792447832,73729.51388888889,4163.025151909722,82716.1796875,0.9230209589004517,0.6642684936523438,0.2903364896774292,89614.625,3758.714111328125
943,0.4626939727200402,0.4637468457221985,0.388982355594635,887,74007.91111111111,0.9112128893534343,0.6801387588183085,0.30849833885828654,81174.3998263889,4194.947059461805,70541.8515625,0.9193090796470642,0.67266446352005,0.2877134382724762,76733.5546875,4494.86962890625
944,0.46431632041931153,0.5108858346939087,0.388982355594635,887,87228.41284722222,0.9193920638826159,0.6771834280755785,0.29546613693237306,94854.91475694445,4356.182139756945,102594.5234375,0.9321295022964478,0.6349186301231384,0.2672668695449829,110064.6640625,4745.58447265625
945,0.4659629245599111,0.4935949444770813,0.388982355594635,887,75199.09774305555,0.9110509236653646,0.6785027954313491,0.30774297648006016,82497.63298611112,4347.454318576389,72242.6484375,0.9141293168067932,0.6526522636413574,0.30127811431884766,79028.9140625,4228.09619140625
946,0.4545572022596995,0.48029881715774536,0.388982355594635,887,71033.51684027778,0.9130250440703498,0.6870348599221971,0.3035693433549669,77741.07256944444,4061.518967013889,69699.0,0.9171801805496216,0.6659364700317383,0.2944861054420471,75992.703125,4090.796142578125
947,0.477657100227144,0.5026809573173523,0.388982355594635,887,82962.56805555556,0.9178767972522311,0.6671481662326388,0.29543655580944483,90345.93993055556,4476.627723524305,87935.4296875,0.9228578805923462,0.6493608951568604,0.28813642263412476,95285.9921875,4260.5048828125
948,0.45945219066407944,0.4744187295436859,0.388982355594635,887,83938.15017361111,0.9215577258004083,0.6804111268785265,0.2903394712342156,91077.4,4133.100748697917,67989.390625,0.9173324108123779,0.6656019687652588,0.29440823197364807,74116.4140625,3959.323974609375
949,0.45711426205105254,0.4340665340423584,0.388982355594635,887,75975.19826388889,0.9155742843945821,0.6835737109184266,0.2990586605336931,82972.48767361112,4309.698974609375,80020.5234375,0.9405131340026855,0.6956197023391724,0.24966995418071747,85081.7734375,3278.522705078125
950,0.4549692107571496,0.45631399750709534,0.388982355594635,887,69609.03680555556,0.9144218272633022,0.6860235333442688,0.30080097450150384,76041.91927083333,4020.809038628472,70904.46875,0.9170674681663513,0.6817512512207031,0.2937501072883606,77316.5234375,4301.9921875
951,0.4498465557893117,0.45796844363212585,0.388982355594635,887,62913.75034722222,0.9034455855687459,0.6936182538668315,0.3195453345775604,69401.60225694445,3949.31943359375,52038.0625,0.9072315692901611,0.6814126372337341,0.3107786774635315,57359.18359375,3556.689453125
952,0.4634860469235314,0.44822102785110474,0.388982355594635,887,76627.43177083334,0.9095115688112047,0.6790224432945251,0.3113297488954332,84190.19895833333,4431.047439236111,69150.828125,0.914435863494873,0.690502941608429,0.3005889654159546,75621.296875,4048.89892578125
953,0.45065121054649354,0.3959265351295471,0.388982355594635,887,72664.35416666667,0.9154360267851088,0.6884816500875685,0.2990510933929019,79249.15147569444,4030.3090006510415,43771.453125,0.9271913766860962,0.7244968414306641,0.27277880907058716,47208.6484375,2558.167724609375
954,0.45656696491771276,0.46271905303001404,0.388982355594635,887,66068.50026041667,0.9094864818784926,0.6856849869092305,0.3081890834702386,72521.69956597222,4105.880078125,61784.21484375,0.9072097539901733,0.6788163185119629,0.3139609396457672,68103.5625,3855.531005859375
955,0.45710193514823916,0.4659227430820465,0.388982355594635,887,72049.13177083334,0.9155384222666423,0.684599498907725,0.29833786288897196,78641.92604166667,4108.825857204861,44810.2890625,0.8832864165306091,0.681226372718811,0.3486494719982147,50731.32421875,3950.716552734375
956,0.4597507695357005,0.4836502969264984,0.388982355594635,887,79727.54027777778,0.9176645702785916,0.6805360409948561,0.2964925600422753,86852.62934027778,4233.5271592881945,94532.4765625,0.9306470155715942,0.6517411470413208,0.26899319887161255,101577.15625,4659.52099609375
957,0.45940383937623763,0.44737130403518677,0.388982355594635,887,74996.91145833333,0.9128575907813178,0.6811341947979397,0.30444433357980516,82151.05833333333,4315.9618923611115,76240.9765625,0.9188486933708191,0.6932920813560486,0.29553163051605225,82974.4609375,3902.56884765625
958,0.4570746355586582,0.4713408946990967,0.388982355594635,887,71618.98541666666,0.9127639240688747,0.6845003167788187,0.3034671935770247,78370.35381944444,4192.245692274306,69866.8671875,0.9051573276519775,0.6785699725151062,0.3150489926338196,77187.5390625,4770.796875
959,0.4430523031287723,0.49828195571899414,0.388982355594635,887,66154.54652777778,0.9092075679037306,0.696001034312778,0.3099508583545685,72622.12847222222,4060.9126953125,95080.9296875,0.9331452250480652,0.6433555483818054,0.2671913802623749,101892.9609375,4069.45751953125
960,0.4569464213318295,0.47125673294067383,0.388982355594635,887,76050.63732638888,0.9151842951774597,0.6844569378428988,0.29993927743699816,83059.83767361111,4280.332291666667,81669.0234375,0.9310213923454285,0.6641427874565125,0.26891621947288513,87719.8125,3911.960693359375
961,0.46129462983873154,0.4948698580265045,0.388982355594635,887,72897.3109375,0.9155811071395874,0.6801704658402337,0.29923947850863136,79553.92725694444,4074.568825954861,82688.2890625,0.9157077074050903,0.6568648815155029,0.3010847270488739,90299.875,4423.7724609375
962,0.4631146212418874,0.47324761748313904,0.388982355594635,887,82399.41788194445,0.9170417308807373,0.6785076830122206,0.2979589952362908,89789.59600694444,4349.027072482639,55618.1875,0.8986326456069946,0.674774169921875,0.3281635046005249,61892.01953125,3826.52734375
963,0.47343379259109497,0.48769283294677734,0.388982355594635,887,74251.43480902778,0.9119875020451016,0.6707804401715597,0.3048527465926276,81375.92491319444,4446.00263671875,78281.4453125,0.9220011234283447,0.6525560617446899,0.2860671877861023,84903.8515625,4265.46435546875
964,0.4441501412126753,0.4409511685371399,0.388982355594635,887,66621.72048611111,0.9081013176176284,0.6937494158744812,0.31152153544955785,73290.06267361112,4104.376551649306,60011.63671875,0.9100200533866882,0.6913011074066162,0.30700820684432983,65945.3984375,3850.44775390625
965,0.45226936870151097,0.4669663608074188,0.388982355594635,887,71527.815625,0.9067286849021912,0.6898024916648865,0.31529317299524945,78872.09670138889,4410.362847222223,68574.546875,0.9165554046630859,0.6758288741111755,0.2970874607563019,74817.6796875,3878.864990234375
966,0.4673166109455956,0.43042096495628357,0.388982355594635,887,75592.03107638888,0.9101492034064399,0.6781833622190687,0.30828272700309756,82929.12291666666,4530.298871527778,59702.66796875,0.914639413356781,0.6991854310035706,0.3012143075466156,65274.5390625,3391.346923828125
967,0.45577163166469997,0.45963287353515625,0.388982355594635,887,77600.46024305555,0.9179529905319214,0.6830005897416009,0.29365465111202665,84456.79739583333,4395.0800998263885,71157.5859375,0.9041376113891602,0.683285117149353,0.32585641741752625,78702.1640625,3958.805419921875
968,0.4684942046801249,0.545623779296875,0.388982355594635,887,75202.08263888888,0.906673260529836,0.6768732534514533,0.31676410966449314,82965.41788194445,4495.873567708333,99413.7109375,0.9173856377601624,0.6136247515678406,0.29807907342910767,108366.328125,5203.85595703125
969,0.4618122531308068,0.4479227662086487,0.388982355594635,887,77430.43159722222,0.914117783970303,0.6795380181736417,0.3027412566873762,84715.58194444445,4361.464008246528,49676.5078125,0.9200903177261353,0.6863506436347961,0.28464582562446594,53990.90234375,3408.98828125
970,0.4755355841583676,0.4145545959472656,0.388982355594635,887,73788.51510416667,0.9085799958970812,0.6699241691165501,0.3099241806401147,81136.12777777777,4635.418565538194,54275.9765625,0.9133118987083435,0.7210375070571899,0.3038176894187927,59427.64453125,3113.213623046875
971,0.45859832300080194,0.49468159675598145,0.388982355594635,887,71079.4109375,0.9140952150026957,0.6820405456754897,0.30054201351271737,77770.87673611111,4264.350558810764,76366.9296875,0.9182959794998169,0.6518699526786804,0.29094675183296204,83161.5625,4658.33154296875
972,0.4591462042596605,0.4616559147834778,0.388982355594635,887,63659.82135416667,0.9019227213329739,0.6871900677680969,0.3214510414335463,70607.9484375,4410.196245659722,89476.796875,0.931770384311676,0.6726515889167786,0.2744574248790741,96028.8046875,3474.389892578125
973,0.4654691716035207,0.46478310227394104,0.388982355594635,887,72929.36927083334,0.9143777953253852,0.6779491146405537,0.3004475149843428,79749.45590277777,4315.925141059028,68053.140625,0.9131265878677368,0.6740445494651794,0.29878976941108704,74527.609375,4651.43115234375
974,0.4553977602057987,0.49364861845970154,0.388982355594635,887,72846.18802083333,0.9084880881839328,0.6871598879496257,0.3124099274476369,80143.57118055556,4373.2017578125,84586.578125,0.9305889010429382,0.6504938006401062,0.2669156789779663,90895.75,4565.0517578125
975,0.4549788004822201,0.5068440437316895,0.388982355594635,887,75176.7125,0.9164955377578735,0.6835215568542481,0.2974625594086117,82048.41979166666,4218.742355685764,79923.6484375,0.895359456539154,0.6483165621757507,0.3392339050769806,89264.3125,5016.84423828125
976,0.4574451916747623,0.47051486372947693,0.388982355594635,887,77871.09895833333,0.9130488713582356,0.6847739471329584,0.30354808900091385,85215.22204861112,4517.775813802084,70108.9453125,0.9128004908561707,0.6663209795951843,0.3031328618526459,76806.4296875,4229.21728515625
977,0.45290895766682093,0.4223670959472656,0.388982355594635,887,66569.99644097222,0.9086736639340719,0.6867189235157437,0.3089982039398617,73102.87109375,4200.387890625,50456.90234375,0.9127599596977234,0.7099120020866394,0.2995423674583435,55279.48828125,3446.150390625
978,0.4807259937127431,0.4963201582431793,0.388982355594635,887,80601.98072916667,0.914158476723565,0.6655549089113871,0.30128941337267556,88185.06979166667,4700.313682725695,90887.3671875,0.9265269041061401,0.6458601355552673,0.2817741334438324,98094.6875,4114.7236328125
979,0.4492552187707689,0.4525263011455536,0.388982355594635,887,66333.55104166667,0.9106155223316617,0.6908960673544142,0.3056939800580343,72849.88871527778,4260.745518663194,70236.7421875,0.9262932538986206,0.6797638535499573,0.2762589156627655,75825.6015625,3843.60595703125
980,0.45686262912220427,0.47839340567588806,0.388982355594635,887,76181.77517361111,0.9115806910726759,0.6846779704093933,0.30608856346872115,83588.1421875,4585.723068576389,88282.3984375,0.9253382682800293,0.6640748977661133,0.27979400753974915,95405.5390625,4601.06005859375
981,0.4612649493747287,0.49030017852783203,0.388982355594635,887,78571.77638888889,0.9119189514054192,0.6825865149497986,0.30827185114224753,86111.42204861112,4370.480078125,81756.765625,0.9293813705444336,0.6503095030784607,0.2671442925930023,87969.015625,5061.78271484375
982,0.4664988511138492,0.5085713267326355,0.388982355594635,887,79717.73020833333,0.9174720062149896,0.6761186718940735,0.2950631048944261,86773.05833333333,4468.456065538195,77721.6171875,0.9245424270629883,0.6422632336616516,0.280672550201416,84064.953125,4182.9033203125
983,0.47142156958580017,0.45477429032325745,0.388982355594635,887,78382.228125,0.9078794770770603,0.6757544729444716,0.31360451247957016,86251.59809027778,4675.684733072917,52494.54296875,0.9115995168685913,0.685369074344635,0.30480316281318665,57585.09375,3253.766357421875
984,0.4642740885416667,0.4965532720088959,0.388982355594635,887,73878.13619791667,0.9118239959081014,0.6811327457427978,0.3062409023443858,81017.50954861111,4418.219520399305,99168.4453125,0.9291091561317444,0.6451234817504883,0.27836430072784424,106734.9765625,4148.578125
985,0.45580265786912705,0.4825037121772766,0.388982355594635,887,73821.053125,0.9108297652668423,0.684301475683848,0.30763643119070266,80983.98177083333,4408.463617621528,76943.8671875,0.9334655404090881,0.6558080911636353,0.26226162910461426,82428.1796875,3805.285888671875
986,0.45684472653600905,0.47368940711021423,0.388982355594635,887,69152.10052083334,0.9056908991601732,0.6862532708379957,0.31550638145870635,76273.66857638888,4423.042317708333,62981.87109375,0.914385974407196,0.6742183566093445,0.2958544194698334,68878.8671875,4376.47998046875
987,0.45417612857288786,0.4490354061126709,0.388982355594635,887,72052.30225694444,0.909203134642707,0.6881514032681783,0.309482706255383,79161.8138888889,4454.480696614583,66905.8203125,0.9186945557594299,0.6843405365943909,0.2930794358253479,72827.0546875,3697.750732421875
988,0.4507054958078596,0.45953598618507385,0.388982355594635,887,64191.84001736111,0.9066198931799995,0.6889680955145094,0.31182219319873383,70686.12517361112,4265.550564236111,60598.55859375,0.9047729969024658,0.6768272519111633,0.31682536005973816,66976.53125,4022.78369140625
989,0.4578204221195645,0.4555446207523346,0.388982355594635,887,77522.66961805556,0.9183459096484714,0.6819463875558641,0.2934942583243052,84440.24878472222,4318.578385416667,70439.671875,0.904087483882904,0.6847609877586365,0.318396657705307,77912.453125,4657.1337890625
990,0.45930304129918414,0.5199439525604248,0.388982355594635,887,78922.95763888888,0.9142828795644972,0.681960043642256,0.3019853134950002,86338.13454861111,4495.046028645834,91990.59375,0.9238654375076294,0.6298853158950806,0.2812943458557129,99571.421875,5113.76953125
991,0.4453846659925249,0.49052366614341736,0.388982355594635,887,67855.98177083333,0.9143140965037876,0.6927145481109619,0.2991436289416419,74145.85763888889,4103.988151041666,62939.92578125,0.9174420833587646,0.6545647382736206,0.2893064022064209,68603.703125,4479.33447265625
992,0.4498563978407118,0.4568338990211487,0.388982355594635,887,70482.96875,0.9108574244711134,0.6905305332607693,0.30702033042907717,77349.82135416666,4305.487820095486,93779.34375,0.9318314790725708,0.675665557384491,0.2696027457714081,100639.8125,4123.42578125
993,0.4792522847652435,0.4632166028022766,0.388982355594635,887,87959.87899305555,0.9192509558465746,0.6631120575798882,0.2921037216981252,95700.25677083334,4713.819694010416,77597.5859375,0.935269832611084,0.6685797572135925,0.25633975863456726,82968.125,4201.86279296875
994,0.45048035581906637,0.4767131805419922,0.388982355594635,887,72455.55677083334,0.90901304880778,0.6894504321946038,0.3110986795690325,79715.40434027778,4364.448079427083,77625.7421875,0.9235876798629761,0.666826069355011,0.28126955032348633,84048.046875,4420.00146484375
995,0.4633736934926775,0.4656289219856262,0.388982355594635,887,71306.85520833333,0.9088124712308248,0.680464596218533,0.30880478024482727,78315.6734375,4515.069259982639,74484.1171875,0.9130280613899231,0.6805912256240845,0.3043721616268158,81579.21875,4280.74560546875
996,0.4752630677488115,0.43363723158836365,0.388982355594635,887,79886.74704861111,0.9124690426720513,0.6703160206476847,0.30424849523438346,87504.58611111112,4710.2185655381945,46254.8125,0.8926262855529785,0.7019944190979004,0.3354518711566925,51818.7890625,3602.455078125
997,0.4520351933108436,0.4998019337654114,0.388982355594635,887,68503.60555555555,0.9063391274876065,0.6875076810518901,0.31213012403912016,75333.16614583334,4372.032389322917,109941.703125,0.931325376033783,0.644997775554657,0.27206701040267944,118048.6484375,4672.57763671875
998,0.4410773773988088,0.44051486253738403,0.388982355594635,887,69072.60121527778,0.9089020729064942,0.6958281305101183,0.3101438992553287,75902.15920138889,4237.352777777778,48748.6796875,0.9191938638687134,0.6903185844421387,0.285882830619812,53034.1640625,3462.72509765625
999,0.4569804251194,0.4676463305950165,0.388982355594635,887,74915.40607638888,0.9089733984735276,0.6843309124310811,0.31070377561781143,82427.5298611111,4569.438118489584,71771.953125,0.9146191477775574,0.6787976622581482,0.2981489896774292,78471.953125,4478.3662109375
1000,0.4679172158241272,0.4711824059486389,0.388982355594635,887,77757.50850694445,0.9086976329485575,0.6770931124687195,0.3113403101762136,85532.34913194444,4750.16298828125,64780.49609375,0.9091818928718567,0.6765492558479309,0.3087417483329773,71251.4140625,4160.88525390625
